Publisher,Year,MAX_Sales,Mean_Sales
Ubisoft,2020-01-01,0.29,0.29
Sega,2017-01-01,0.03,0.02
Idea Factory,2017-01-01,0.01,0.01
Electronic Arts,2016-01-01,4.77,0.6125
Sony Computer Entertainment,2016-01-01,4.2,1.312
Ubisoft,2016-01-01,3.61,0.7507692307692307
Activision,2016-01-01,1.73,0.2621428571428571
Hello Games,2016-01-01,1.6,1.6
Namco Bandai Games,2016-01-01,1.56,0.16225
Bethesda Softworks,2016-01-01,1.39,0.75
Level 5,2016-01-01,1.27,0.91
Take-Two Interactive,2016-01-01,1.19,0.24083333333333334
Nintendo,2016-01-01,0.94,0.347
Capcom,2016-01-01,0.82,0.11777777777777779
Warner Bros. Interactive Entertainment,2016-01-01,0.64,0.25142857142857145
Square Enix,2016-01-01,0.63,0.17650000000000002
Microsoft Game Studios,2016-01-01,0.51,0.355
Atlus,2016-01-01,0.34,0.23
Codemasters,2016-01-01,0.32,0.13999999999999999
Deep Silver,2016-01-01,0.31,0.08818181818181818
Konami Digital Entertainment,2016-01-01,0.28,0.15125
505 Games,2016-01-01,0.23,0.07714285714285715
GungHo,2016-01-01,0.2,0.2
Tecmo Koei,2016-01-01,0.2,0.054117647058823534
Kadokawa Games,2016-01-01,0.19,0.11
Marvelous Interactive,2016-01-01,0.19,0.19
Nippon Ichi Software,2016-01-01,0.18,0.047499999999999994
Sega,2016-01-01,0.17,0.09625
Telltale Games,2016-01-01,0.12,0.0525
Unknown,2016-01-01,0.1,0.03166666666666667
Nihon Falcom Corporation,2016-01-01,0.09,0.043333333333333335
Milestone S.r.l.,2016-01-01,0.08,0.04666666666666667
PQube,2016-01-01,0.07,0.046
Aksys Games,2016-01-01,0.06,0.06
Insomniac Games,2016-01-01,0.06,0.04
Nippon Columbia,2016-01-01,0.06,0.06
Aqua Plus,2016-01-01,0.05,0.03333333333333333
Broccoli,2016-01-01,0.05,0.030000000000000002
Focus Home Interactive,2016-01-01,0.05,0.032
FuRyu,2016-01-01,0.05,0.043333333333333335
Alternative Software,2016-01-01,0.04,0.0275
D3Publisher,2016-01-01,0.04,0.02666666666666667
Happinet,2016-01-01,0.04,0.04
MLB.com,2016-01-01,0.04,0.04
Milestone S.r.l,2016-01-01,0.04,0.025
Dusenberry Martin Racing,2016-01-01,0.03,0.025
Idea Factory,2016-01-01,0.03,0.017142857142857144
Paradox Interactive,2016-01-01,0.03,0.03
Rocket Company,2016-01-01,0.03,0.03
5pb,2016-01-01,0.02,0.02
Astragon,2016-01-01,0.02,0.02
Atari,2016-01-01,0.02,0.02
Avanquest,2016-01-01,0.02,0.02
Compile Heart,2016-01-01,0.02,0.02
Introversion Software,2016-01-01,0.02,0.02
Koch Media,2016-01-01,0.02,0.013333333333333334
Microids,2016-01-01,0.02,0.02
Rising Star Games,2016-01-01,0.02,0.02
Screenlife,2016-01-01,0.02,0.02
Sold Out,2016-01-01,0.02,0.02
Yeti,2016-01-01,0.02,0.02
dramatic create,2016-01-01,0.02,0.015
Epic Games,2016-01-01,0.01,0.01
Experience Inc.,2016-01-01,0.01,0.01
Inti Creates,2016-01-01,0.01,0.01
Marvelous Entertainment,2016-01-01,0.01,0.01
Nordic Games,2016-01-01,0.01,0.01
Paradox Development,2016-01-01,0.01,0.01
Prototype,2016-01-01,0.01,0.01
Stainless Games,2016-01-01,0.01,0.01
UIG Entertainment,2016-01-01,0.01,0.01
Activision,2015-01-01,14.24,0.9135897435897437
Electronic Arts,2015-01-01,8.49,1.419375
Bethesda Softworks,2015-01-01,6.96,1.4945454545454546
Nintendo,2015-01-01,4.57,0.8462500000000001
Sony Computer Entertainment,2015-01-01,4.47,1.101
Microsoft Game Studios,2015-01-01,4.26,1.9899999999999998
Take-Two Interactive,2015-01-01,3.85,0.8841176470588235
Warner Bros. Interactive Entertainment,2015-01-01,3.79,0.8361538461538462
Namco Bandai Games,2015-01-01,3.73,0.2288235294117647
Konami Digital Entertainment,2015-01-01,3.38,0.5716666666666667
Ubisoft,2015-01-01,3.28,0.3996875
Capcom,2015-01-01,3.26,0.3525
Level 5,2015-01-01,2.28,1.1549999999999998
Square Enix,2015-01-01,1.83,0.55375
Sony Computer Entertainment Europe,2015-01-01,1.64,1.64
Slightly Mad Studios,2015-01-01,1.04,0.46
Mojang,2015-01-01,0.91,0.5780000000000001
"mixi, Inc",2015-01-01,0.86,0.86
Disney Interactive Studios,2015-01-01,0.68,0.41333333333333333
Codemasters,2015-01-01,0.66,0.3166666666666667
Koch Media,2015-01-01,0.46,0.29
Nippon Ichi Software,2015-01-01,0.46,0.13363636363636364
Harmonix Music Systems,2015-01-01,0.43,0.4
Deep Silver,2015-01-01,0.38,0.1442857142857143
Tecmo Koei,2015-01-01,0.33,0.06457142857142857
Sega,2015-01-01,0.31,0.155
Kalypso Media,2015-01-01,0.3,0.13999999999999999
505 Games,2015-01-01,0.27,0.1525
Focus Home Interactive,2015-01-01,0.27,0.09000000000000001
FuRyu,2015-01-01,0.25,0.07428571428571429
Atlus,2015-01-01,0.24,0.12666666666666668
Marvelous Interactive,2015-01-01,0.23,0.14666666666666667
Milestone S.r.l.,2015-01-01,0.22,0.0811111111111111
Nordic Games,2015-01-01,0.22,0.062
Rebellion Developments,2015-01-01,0.2,0.15000000000000002
Telltale Games,2015-01-01,0.17,0.055714285714285716
Marvelous Entertainment,2015-01-01,0.15,0.11
Nihon Falcom Corporation,2015-01-01,0.15,0.15
Nippon Columbia,2015-01-01,0.14,0.14
PQube,2015-01-01,0.14,0.065
Paradox Interactive,2015-01-01,0.14,0.14
Bigben Interactive,2015-01-01,0.13,0.06461538461538462
Yacht Club Games,2015-01-01,0.13,0.10666666666666667
Idea Factory International,2015-01-01,0.12,0.07666666666666667
Tru Blu Entertainment,2015-01-01,0.12,0.041666666666666664
Takara Tomy,2015-01-01,0.11,0.11
D3Publisher,2015-01-01,0.1,0.042
Little Orbit,2015-01-01,0.1,0.05384615384615385
inXile Entertainment,2015-01-01,0.1,0.1
Broccoli,2015-01-01,0.08,0.05
Aqua Plus,2015-01-01,0.07,0.0575
Kadokawa Shoten,2015-01-01,0.07,0.07
Screenlife,2015-01-01,0.07,0.07
Compile Heart,2015-01-01,0.06,0.03666666666666667
Revolution Software,2015-01-01,0.06,0.034999999999999996
5pb,2015-01-01,0.05,0.024444444444444446
Aksys Games,2015-01-01,0.05,0.04
Alchemist,2015-01-01,0.05,0.04
Kaga Create,2015-01-01,0.05,0.026000000000000002
Marvel Entertainment,2015-01-01,0.05,0.05
WayForward Technologies,2015-01-01,0.05,0.05
Xseed Games,2015-01-01,0.05,0.05
Experience Inc.,2015-01-01,0.04,0.04
Unknown,2015-01-01,0.04,0.016666666666666666
Arc System Works,2015-01-01,0.03,0.0225
Cygames,2015-01-01,0.03,0.03
Extreme Entertainment Group,2015-01-01,0.03,0.03
FuRyu Corporation,2015-01-01,0.03,0.03
Idea Factory,2015-01-01,0.03,0.020714285714285713
Intergrow,2015-01-01,0.03,0.03
Kadokawa Games,2015-01-01,0.03,0.0225
Rocket Company,2015-01-01,0.03,0.03
Rondomedia,2015-01-01,0.03,0.03
Shogakukan,2015-01-01,0.03,0.03
TGL,2015-01-01,0.03,0.03
dramatic create,2015-01-01,0.03,0.02666666666666667
Alternative Software,2015-01-01,0.02,0.02
Asgard,2015-01-01,0.02,0.02
Avanquest Software,2015-01-01,0.02,0.02
Devolver Digital,2015-01-01,0.02,0.02
Focus Multimedia,2015-01-01,0.02,0.02
Happinet,2015-01-01,0.02,0.015
HuneX,2015-01-01,0.02,0.015
Marvelous Games,2015-01-01,0.02,0.02
Prototype,2015-01-01,0.02,0.02
Alawar Entertainment,2015-01-01,0.01,0.01
Funbox Media,2015-01-01,0.01,0.01
Minato Station,2015-01-01,0.01,0.01
Nitroplus,2015-01-01,0.01,0.01
Rain Games,2015-01-01,0.01,0.01
TopWare Interactive,2015-01-01,0.01,0.01
Take-Two Interactive,2014-01-01,11.98,2.0173333333333336
Nintendo,2014-01-01,11.33,2.4325
Activision,2014-01-01,7.6,1.059047619047619
Electronic Arts,2014-01-01,6.59,1.2999999999999998
Sony Computer Entertainment,2014-01-01,5.42,1.463076923076923
Ubisoft,2014-01-01,4.14,0.953409090909091
Sony Computer Entertainment Europe,2014-01-01,4.02,1.65
Microsoft Game Studios,2014-01-01,3.15,1.1455555555555557
Warner Bros. Interactive Entertainment,2014-01-01,2.99,0.6140000000000001
Level 5,2014-01-01,2.68,2.68
Bethesda Softworks,2014-01-01,1.81,0.7890909090909091
Square Enix,2014-01-01,1.41,0.39807692307692305
Namco Bandai Games,2014-01-01,1.32,0.13971014492753625
Konami Digital Entertainment,2014-01-01,1.28,0.28111111111111114
Focus Home Interactive,2014-01-01,1.23,0.18636363636363634
Sega,2014-01-01,1.13,0.2452173913043478
Disney Interactive Studios,2014-01-01,1.12,0.422
Nippon Ichi Software,2014-01-01,0.71,0.14736842105263157
505 Games,2014-01-01,0.68,0.29
Deep Silver,2014-01-01,0.68,0.1575
Sony Computer Entertainment America,2014-01-01,0.65,0.39333333333333337
Codemasters,2014-01-01,0.49,0.19833333333333333
Activision Blizzard,2014-01-01,0.48,0.48
Telltale Games,2014-01-01,0.45,0.17545454545454545
Tecmo Koei,2014-01-01,0.3,0.11259259259259259
Capcom,2014-01-01,0.27,0.08
Little Orbit,2014-01-01,0.27,0.12666666666666668
Unknown,2014-01-01,0.27,0.08
Marvelous Interactive,2014-01-01,0.24,0.09000000000000001
Marvelous Entertainment,2014-01-01,0.21,0.0775
Idea Factory,2014-01-01,0.19,0.050769230769230775
Arc System Works,2014-01-01,0.18,0.1275
Atlus,2014-01-01,0.18,0.118
Milestone S.r.l.,2014-01-01,0.18,0.1025
Idea Factory International,2014-01-01,0.17,0.12666666666666668
NCSoft,2014-01-01,0.17,0.17
Nippon Columbia,2014-01-01,0.17,0.12000000000000001
Natsume,2014-01-01,0.15,0.15
Kadokawa Shoten,2014-01-01,0.14,0.14
Aksys Games,2014-01-01,0.12,0.09
Kadokawa Games,2014-01-01,0.12,0.04
Kalypso Media,2014-01-01,0.12,0.095
Acquire,2014-01-01,0.11,0.11
Xseed Games,2014-01-01,0.11,0.11
Type-Moon,2014-01-01,0.1,0.1
Compile Heart,2014-01-01,0.08,0.046
Nordic Games,2014-01-01,0.08,0.055
City Interactive,2014-01-01,0.07,0.07
FuRyu,2014-01-01,0.07,0.05333333333333334
Happinet,2014-01-01,0.07,0.05500000000000001
Rocket Company,2014-01-01,0.07,0.07
ArtDink,2014-01-01,0.06,0.06
D3Publisher,2014-01-01,0.06,0.04
Nihon Falcom Corporation,2014-01-01,0.06,0.06
GungHo,2014-01-01,0.04,0.04
5pb,2014-01-01,0.03,0.018571428571428572
Big Fish Games,2014-01-01,0.03,0.03
Office Create,2014-01-01,0.03,0.03
imageepoch Inc.,2014-01-01,0.03,0.02
Giga,2014-01-01,0.02,0.02
Paradox Interactive,2014-01-01,0.02,0.02
Prototype,2014-01-01,0.02,0.016666666666666666
Tru Blu Entertainment,2014-01-01,0.02,0.015
ASCII Media Works,2014-01-01,0.01,0.01
Experience Inc.,2014-01-01,0.01,0.01
Nitroplus,2014-01-01,0.01,0.01
Quinrose,2014-01-01,0.01,0.01
Success,2014-01-01,0.01,0.01
Views,2014-01-01,0.01,0.01
Take-Two Interactive,2013-01-01,21.4,3.275625
Nintendo,2013-01-01,14.35,2.2952173913043477
Activision,2013-01-01,10.21,1.1444736842105263
Microsoft Game Studios,2013-01-01,9.2,2.04875
Electronic Arts,2013-01-01,6.9,1.26
Sony Computer Entertainment Europe,2013-01-01,5.99,1.502857142857143
Ubisoft,2013-01-01,3.89,0.9444827586206896
Sony Computer Entertainment,2013-01-01,3.64,1.0508333333333333
Capcom,2013-01-01,3.44,0.36333333333333334
Square Enix,2013-01-01,2.51,0.86625
Warner Bros. Interactive Entertainment,2013-01-01,2.39,0.783076923076923
Disney Interactive Studios,2013-01-01,1.73,0.5908333333333333
Deep Silver,2013-01-01,1.69,0.5025000000000001
GungHo,2013-01-01,1.51,0.83
Konami Digital Entertainment,2013-01-01,1.47,0.335625
Namco Bandai Games,2013-01-01,0.96,0.1580952380952381
Sega,2013-01-01,0.8,0.30941176470588233
505 Games,2013-01-01,0.72,0.385
Codemasters,2013-01-01,0.63,0.34199999999999997
Tecmo Koei,2013-01-01,0.61,0.1405263157894737
Atlus,2013-01-01,0.57,0.415
Trion Worlds,2013-01-01,0.57,0.37999999999999995
Nippon Ichi Software,2013-01-01,0.53,0.1927777777777778
Rising Star Games,2013-01-01,0.42,0.16
Screenlife,2013-01-01,0.41,0.2075
Focus Home Interactive,2013-01-01,0.39,0.19000000000000003
D3Publisher,2013-01-01,0.36,0.0645
Marvelous Entertainment,2013-01-01,0.36,0.24666666666666667
THQ,2013-01-01,0.36,0.36
City Interactive,2013-01-01,0.35,0.21666666666666667
Arc System Works,2013-01-01,0.29,0.06999999999999999
Majesco Entertainment,2013-01-01,0.27,0.25
Level 5,2013-01-01,0.26,0.16333333333333333
PQube,2013-01-01,0.21,0.21
Xseed Games,2013-01-01,0.19,0.19
Compile Heart,2013-01-01,0.18,0.11
System 3,2013-01-01,0.16,0.07333333333333333
Nippon Columbia,2013-01-01,0.15,0.11499999999999999
Bohemia Interactive,2013-01-01,0.12,0.12
Broccoli,2013-01-01,0.12,0.065
From Software,2013-01-01,0.12,0.12
FuRyu,2013-01-01,0.09,0.044
Aqua Plus,2013-01-01,0.08,0.05
Koch Media,2013-01-01,0.08,0.08
Rocket Company,2013-01-01,0.08,0.08
Seventh Chord,2013-01-01,0.08,0.08
Takara Tomy,2013-01-01,0.08,0.08
Alchemist,2013-01-01,0.07,0.0325
Daedalic Entertainment,2013-01-01,0.07,0.05500000000000001
Kadokawa Shoten,2013-01-01,0.07,0.05
Success,2013-01-01,0.07,0.07
5pb,2013-01-01,0.06,0.027999999999999997
Gust,2013-01-01,0.06,0.06
Idea Factory,2013-01-01,0.06,0.028181818181818183
Nordic Games,2013-01-01,0.04,0.03
Agatsuma Entertainment,2013-01-01,0.03,0.03
Asgard,2013-01-01,0.03,0.025
CyberFront,2013-01-01,0.03,0.03
Headup Games,2013-01-01,0.03,0.03
Kadokawa Games,2013-01-01,0.03,0.016666666666666666
Little Orbit,2013-01-01,0.03,0.025
Office Create,2013-01-01,0.03,0.03
Paon Corporation,2013-01-01,0.03,0.03
Unknown,2013-01-01,0.03,0.03
Aerosoft,2013-01-01,0.02,0.02
Big Ben Interactive,2013-01-01,0.02,0.02
Comfort,2013-01-01,0.02,0.02
Falcom Corporation,2013-01-01,0.02,0.015
Avanquest Software,2013-01-01,0.01,0.01
Boost On,2013-01-01,0.01,0.01
Cave,2013-01-01,0.01,0.01
Kaga Create,2013-01-01,0.01,0.01
Moss,2013-01-01,0.01,0.01
Otomate,2013-01-01,0.01,0.01
Prototype,2013-01-01,0.01,0.01
Quinrose,2013-01-01,0.01,0.01
Activision,2012-01-01,14.03,1.2678571428571428
Nintendo,2012-01-01,9.82,1.8216129032258064
Microsoft Game Studios,2012-01-01,9.76,2.19
Electronic Arts,2012-01-01,8.24,1.0847826086956522
Ubisoft,2012-01-01,6.91,1.1659375
Capcom,2012-01-01,3.15,0.6116666666666667
Take-Two Interactive,2012-01-01,3.07,0.7707142857142857
NCSoft,2012-01-01,2.3,2.3
Square Enix,2012-01-01,2.19,0.9427272727272726
Bethesda Softworks,2012-01-01,1.73,0.8166666666666668
Warner Bros. Interactive Entertainment,2012-01-01,1.68,0.6823809523809524
Konami Digital Entertainment,2012-01-01,1.56,0.2490625
Sony Computer Entertainment,2012-01-01,1.47,0.5354166666666667
THQ,2012-01-01,1.39,0.8375
Atlus,2012-01-01,1.38,0.43
Namco Bandai Games,2012-01-01,1.2,0.18741176470588236
Sega,2012-01-01,1.19,0.36920000000000003
Codemasters,2012-01-01,1.07,0.35125
Disney Interactive Studios,2012-01-01,1.03,0.4057142857142857
Focus Home Interactive,2012-01-01,0.99,0.2757142857142857
505 Games,2012-01-01,0.98,0.2925
Marvelous Entertainment,2012-01-01,0.91,0.525
Level 5,2012-01-01,0.81,0.19777777777777777
Avanquest Software,2012-01-01,0.79,0.2733333333333334
Tecmo Koei,2012-01-01,0.65,0.24300000000000002
Xseed Games,2012-01-01,0.55,0.55
GungHo,2012-01-01,0.42,0.215
Ubisoft Annecy,2012-01-01,0.32,0.1675
Nordic Games,2012-01-01,0.3,0.135
Nihon Falcom Corporation,2012-01-01,0.29,0.215
Nippon Columbia,2012-01-01,0.28,0.28
Sony Computer Entertainment Europe,2012-01-01,0.25,0.25
Deep Silver,2012-01-01,0.24,0.16
Agatsuma Entertainment,2012-01-01,0.2,0.2
Spike,2012-01-01,0.19,0.10250000000000001
Funcom,2012-01-01,0.17,0.17
GameMill Entertainment,2012-01-01,0.17,0.10500000000000001
Nippon Ichi Software,2012-01-01,0.17,0.086
Compile Heart,2012-01-01,0.16,0.07666666666666667
Daedalic,2012-01-01,0.15,0.15
EA Games,2012-01-01,0.15,0.15
Excalibur Publishing,2012-01-01,0.14,0.14
Rocket Company,2012-01-01,0.13,0.13
SCS Software,2012-01-01,0.13,0.13
5pb,2012-01-01,0.11,0.0325
Unknown,2012-01-01,0.11,0.04625
Aqua Plus,2012-01-01,0.1,0.07
Gust,2012-01-01,0.1,0.095
Image Epoch,2012-01-01,0.1,0.1
Acquire,2012-01-01,0.09,0.08499999999999999
Broccoli,2012-01-01,0.09,0.049999999999999996
Kadokawa Shoten,2012-01-01,0.09,0.055
Alchemist,2012-01-01,0.08,0.0325
FuRyu,2012-01-01,0.08,0.0325
PQube,2012-01-01,0.08,0.08
Ackkstudios,2012-01-01,0.07,0.041666666666666664
Falcom Corporation,2012-01-01,0.07,0.05500000000000001
Mad Catz,2012-01-01,0.07,0.07
D3Publisher,2012-01-01,0.06,0.03222222222222222
DTP Entertainment,2012-01-01,0.06,0.06
Idea Factory,2012-01-01,0.06,0.028947368421052635
Rising Star Games,2012-01-01,0.06,0.045
Atari,2012-01-01,0.05,0.05
Genki,2012-01-01,0.05,0.05
Cloud Imperium Games Corporation,2012-01-01,0.04,0.04
Funbox Media,2012-01-01,0.04,0.04
Prototype,2012-01-01,0.04,0.035
BushiRoad,2012-01-01,0.03,0.03
ChunSoft,2012-01-01,0.03,0.03
Daedalic Entertainment,2012-01-01,0.03,0.03
Easy Interactive,2012-01-01,0.03,0.025
Fields,2012-01-01,0.03,0.03
Licensed 4U,2012-01-01,0.03,0.023333333333333334
Maximum Family Games,2012-01-01,0.03,0.03
Quinrose,2012-01-01,0.03,0.015
Reef Entertainment,2012-01-01,0.03,0.024999999999999998
Arc System Works,2012-01-01,0.02,0.015
Cave,2012-01-01,0.02,0.02
Comfort,2012-01-01,0.02,0.02
CyberFront,2012-01-01,0.02,0.015
Focus Multimedia,2012-01-01,0.02,0.015
Giza10,2012-01-01,0.02,0.02
IE Institute,2012-01-01,0.02,0.02
Iceberg Interactive,2012-01-01,0.02,0.02
Irem Software Engineering,2012-01-01,0.02,0.02
Kadokawa Games,2012-01-01,0.02,0.02
Kalypso Media,2012-01-01,0.02,0.02
Minato Station,2012-01-01,0.02,0.02
Paradox Interactive,2012-01-01,0.02,0.02
Starfish,2012-01-01,0.02,0.02
Views,2012-01-01,0.02,0.02
Ascaron Entertainment,2012-01-01,0.01,0.01
Asgard,2012-01-01,0.01,0.01
"Interworks Unlimited, Inc.",2012-01-01,0.01,0.01
Mastertronic,2012-01-01,0.01,0.01
NetRevo,2012-01-01,0.01,0.01
Trion Worlds,2012-01-01,0.01,0.01
UFO Interactive,2012-01-01,0.01,0.01
Yeti,2012-01-01,0.01,0.01
Activision,2011-01-01,14.76,0.6898666666666667
Nintendo,2011-01-01,12.21,1.981923076923077
Ubisoft,2011-01-01,10.26,0.5520689655172414
Bethesda Softworks,2011-01-01,8.84,2.0908333333333333
Electronic Arts,2011-01-01,7.34,0.9506578947368421
Sony Computer Entertainment,2011-01-01,6.83,0.7611111111111111
Microsoft Game Studios,2011-01-01,6.24,1.9345454545454546
Warner Bros. Interactive Entertainment,2011-01-01,5.53,1.0547368421052632
Sega,2011-01-01,3.78,0.4797142857142857
Take-Two Interactive,2011-01-01,3.23,0.5816129032258065
Majesco Entertainment,2011-01-01,2.88,0.555
THQ,2011-01-01,2.77,0.35210526315789475
Square Enix,2011-01-01,2.68,0.5663636363636363
Deep Silver,2011-01-01,2.39,0.5107692307692309
Konami Digital Entertainment,2011-01-01,2.19,0.22818181818181815
Valve Software,2011-01-01,2.1,1.4300000000000002
Namco Bandai Games,2011-01-01,2.07,0.2905263157894737
LucasArts,2011-01-01,1.91,0.9662499999999999
Valve,2011-01-01,1.74,1.74
Disney Interactive Studios,2011-01-01,1.64,0.6545
Capcom,2011-01-01,1.35,0.31125
Codemasters,2011-01-01,1.22,0.4107692307692308
Mastertronic,2011-01-01,1.18,0.19749999999999998
Tecmo Koei,2011-01-01,0.92,0.1888235294117647
Unknown,2011-01-01,0.81,0.11066666666666668
City Interactive,2011-01-01,0.8,0.2625
Funbox Media,2011-01-01,0.68,0.21500000000000002
Ubisoft Annecy,2011-01-01,0.62,0.41
505 Games,2011-01-01,0.61,0.15714285714285717
Nippon Ichi Software,2011-01-01,0.58,0.1988888888888889
Sony Online Entertainment,2011-01-01,0.52,0.2733333333333334
GameMill Entertainment,2011-01-01,0.46,0.198
Tetris Online,2011-01-01,0.43,0.43
Banpresto,2011-01-01,0.42,0.20666666666666667
Level 5,2011-01-01,0.39,0.26666666666666666
Ghostlight,2011-01-01,0.38,0.35
Nordic Games,2011-01-01,0.36,0.20249999999999999
Home Entertainment Suppliers,2011-01-01,0.34,0.195
Ackkstudios,2011-01-01,0.33,0.20500000000000002
Avanquest,2011-01-01,0.33,0.07285714285714286
Rising Star Games,2011-01-01,0.33,0.14666666666666667
P2 Games,2011-01-01,0.32,0.32
Zoo Games,2011-01-01,0.32,0.175
Atlus,2011-01-01,0.3,0.11199999999999999
Ignition Entertainment,2011-01-01,0.29,0.22499999999999998
Wargaming.net,2011-01-01,0.29,0.29
D3Publisher,2011-01-01,0.27,0.10500000000000001
Kalypso Media,2011-01-01,0.27,0.09
Focus Home Interactive,2011-01-01,0.24,0.06888888888888889
Scholastic Inc.,2011-01-01,0.23,0.22
Marvelous Interactive,2011-01-01,0.22,0.16666666666666666
Falcom Corporation,2011-01-01,0.2,0.2
PQube,2011-01-01,0.2,0.08499999999999999
Crave Entertainment,2011-01-01,0.19,0.095
Kadokawa Shoten,2011-01-01,0.19,0.07555555555555556
PopCap Games,2011-01-01,0.19,0.07666666666666667
bitComposer Games,2011-01-01,0.19,0.095
DTP Entertainment,2011-01-01,0.17,0.07307692307692308
Black Bean Games,2011-01-01,0.15,0.07
Acquire,2011-01-01,0.14,0.075
Broccoli,2011-01-01,0.14,0.08333333333333333
Spike,2011-01-01,0.14,0.095
Tripwire Interactive,2011-01-01,0.14,0.14
Hudson Soft,2011-01-01,0.12,0.07666666666666666
O-Games,2011-01-01,0.12,0.0675
Aqua Plus,2011-01-01,0.11,0.05666666666666667
Mastiff,2011-01-01,0.11,0.043333333333333335
Rondomedia,2011-01-01,0.11,0.08
GSP,2011-01-01,0.1,0.08
Compile Heart,2011-01-01,0.09,0.09
Koch Media,2011-01-01,0.09,0.065
MTV Games,2011-01-01,0.09,0.07
Sunsoft,2011-01-01,0.09,0.09
Telltale Games,2011-01-01,0.09,0.06333333333333334
5pb,2011-01-01,0.08,0.03375
Asylum Entertainment,2011-01-01,0.07,0.07
Destineer,2011-01-01,0.07,0.04
Evolved Games,2011-01-01,0.07,0.065
Excalibur Publishing,2011-01-01,0.07,0.04666666666666667
GungHo,2011-01-01,0.07,0.07
Rocket Company,2011-01-01,0.07,0.07
Alchemist,2011-01-01,0.06,0.03142857142857143
Atari,2011-01-01,0.06,0.046
Cave,2011-01-01,0.06,0.025
Crimson Cow,2011-01-01,0.06,0.06
FuRyu,2011-01-01,0.06,0.0375
iWin,2011-01-01,0.06,0.06
1C Company,2011-01-01,0.05,0.045
ChunSoft,2011-01-01,0.05,0.03333333333333333
Comfort,2011-01-01,0.05,0.04
Paradox Interactive,2011-01-01,0.05,0.03
Storm City Games,2011-01-01,0.05,0.03
Astragon,2011-01-01,0.04,0.04
Iceberg Interactive,2011-01-01,0.04,0.03
Idea Factory,2011-01-01,0.04,0.02947368421052632
Tommo,2011-01-01,0.04,0.04
7G//AMES,2011-01-01,0.03,0.023333333333333334
Asgard,2011-01-01,0.03,0.03
CDV Software Entertainment,2011-01-01,0.03,0.03
Her Interactive,2011-01-01,0.03,0.03
Prototype,2011-01-01,0.03,0.02
Quinrose,2011-01-01,0.03,0.02
TopWare Interactive,2011-01-01,0.03,0.03
CyberFront,2011-01-01,0.02,0.02
Gust,2011-01-01,0.02,0.02
Irem Software Engineering,2011-01-01,0.02,0.015
Jack of All Games,2011-01-01,0.02,0.02
Masque Publishing,2011-01-01,0.02,0.02
Paon,2011-01-01,0.02,0.02
Plenty,2011-01-01,0.02,0.02
Starfish,2011-01-01,0.02,0.02
Takara Tomy,2011-01-01,0.02,0.02
UFO Interactive,2011-01-01,0.02,0.02
Visco,2011-01-01,0.02,0.02
ASCII Media Works,2011-01-01,0.01,0.01
Big Ben Interactive,2011-01-01,0.01,0.01
Mentor Interactive,2011-01-01,0.01,0.01
System Soft,2011-01-01,0.01,0.01
Takuyo,2011-01-01,0.01,0.01
ValuSoft,2011-01-01,0.01,0.01
Microsoft Game Studios,2010-01-01,21.82,4.096666666666667
Nintendo,2010-01-01,15.32,2.1810714285714288
Activision,2010-01-01,14.64,0.712247191011236
Sony Computer Entertainment,2010-01-01,10.77,0.8113953488372093
Ubisoft,2010-01-01,9.52,0.5919444444444444
505 Games,2010-01-01,6.81,0.6481818181818182
Take-Two Interactive,2010-01-01,6.6,1.0239999999999998
Electronic Arts,2010-01-01,5.08,0.9247727272727272
Capcom,2010-01-01,4.87,0.6536363636363637
Bethesda Softworks,2010-01-01,4.08,2.8033333333333332
MTV Games,2010-01-01,3.19,0.82875
Disney Interactive Studios,2010-01-01,3.04,0.5857142857142857
Warner Bros. Interactive Entertainment,2010-01-01,2.49,0.4718181818181818
THQ,2010-01-01,2.46,0.38789473684210524
Konami Digital Entertainment,2010-01-01,2.42,0.27279411764705885
Square Enix,2010-01-01,2.17,0.6976
Sega,2010-01-01,1.97,0.586923076923077
LucasArts,2010-01-01,1.55,0.8160000000000001
Codemasters,2010-01-01,1.35,0.528
Namco Bandai Games,2010-01-01,1.22,0.23442857142857143
City Interactive,2010-01-01,1.16,0.374
Level 5,2010-01-01,0.93,0.6466666666666666
Unknown,2010-01-01,0.72,0.098
Ubisoft Annecy,2010-01-01,0.66,0.28250000000000003
Natsume,2010-01-01,0.58,0.22999999999999998
Tecmo Koei,2010-01-01,0.55,0.12736842105263158
D3Publisher,2010-01-01,0.54,0.1470967741935484
Nordic Games,2010-01-01,0.47,0.152
Mastiff,2010-01-01,0.44,0.2925
Nippon Ichi Software,2010-01-01,0.43,0.11777777777777779
PQube,2010-01-01,0.41,0.17
Rising Star Games,2010-01-01,0.41,0.165
Black Bean Games,2010-01-01,0.38,0.15
Scholastic Inc.,2010-01-01,0.37,0.19333333333333336
Atlus,2010-01-01,0.34,0.20500000000000002
Deep Silver,2010-01-01,0.33,0.11823529411764708
Hudson Soft,2010-01-01,0.33,0.1109090909090909
Marvelous Interactive,2010-01-01,0.31,0.08333333333333333
Avanquest,2010-01-01,0.29,0.1925
GSP,2010-01-01,0.29,0.15333333333333332
Storm City Games,2010-01-01,0.29,0.08538461538461538
Atari,2010-01-01,0.26,0.13
PopCap Games,2010-01-01,0.26,0.14666666666666667
Spike,2010-01-01,0.26,0.1575
Zoo Games,2010-01-01,0.26,0.09166666666666667
Mindscape,2010-01-01,0.25,0.11399999999999999
Focus Home Interactive,2010-01-01,0.24,0.11666666666666665
XS Games,2010-01-01,0.24,0.24
Majesco Entertainment,2010-01-01,0.21,0.088
Kalypso Media,2010-01-01,0.2,0.062
Astragon,2010-01-01,0.19,0.17666666666666667
Asylum Entertainment,2010-01-01,0.19,0.10400000000000001
Foreign Media Games,2010-01-01,0.19,0.07
JoWood Productions,2010-01-01,0.19,0.0975
GameMill Entertainment,2010-01-01,0.18,0.18
PlayV,2010-01-01,0.18,0.13999999999999999
SouthPeak Games,2010-01-01,0.18,0.08285714285714285
UFO Interactive,2010-01-01,0.18,0.11200000000000002
Telegames,2010-01-01,0.17,0.17
Crave Entertainment,2010-01-01,0.16,0.10142857142857142
Destineer,2010-01-01,0.16,0.047499999999999994
Falcom Corporation,2010-01-01,0.16,0.12
Neko Entertainment,2010-01-01,0.16,0.09
Game Factory,2010-01-01,0.15,0.15
Compile Heart,2010-01-01,0.14,0.08666666666666667
Nobilis,2010-01-01,0.14,0.14
Acquire,2010-01-01,0.13,0.07333333333333333
DTP Entertainment,2010-01-01,0.13,0.05857142857142857
Enterbrain,2010-01-01,0.13,0.09
Graffiti,2010-01-01,0.13,0.1
Slitherine Software,2010-01-01,0.13,0.13
Tomy Corporation,2010-01-01,0.13,0.13
Reef Entertainment,2010-01-01,0.12,0.12
Rocket Company,2010-01-01,0.12,0.075
Ackkstudios,2010-01-01,0.11,0.11
O-Games,2010-01-01,0.11,0.06583333333333334
Conspiracy Entertainment,2010-01-01,0.1,0.0575
Ghostlight,2010-01-01,0.1,0.060000000000000005
Griffin International,2010-01-01,0.09,0.09
Idea Factory,2010-01-01,0.09,0.02956521739130435
Little Orbit,2010-01-01,0.09,0.075
Abylight,2010-01-01,0.08,0.08
Nordcurrent,2010-01-01,0.08,0.055
Takara Tomy,2010-01-01,0.08,0.055
5pb,2010-01-01,0.07,0.029000000000000005
Alternative Software,2010-01-01,0.07,0.07
Mentor Interactive,2010-01-01,0.07,0.07
Alchemist,2010-01-01,0.06,0.026000000000000002
Asgard,2010-01-01,0.06,0.04666666666666667
DreamCatcher Interactive,2010-01-01,0.06,0.055
ASCII Media Works,2010-01-01,0.05,0.04
Aqua Plus,2010-01-01,0.05,0.030000000000000002
Arc System Works,2010-01-01,0.05,0.03333333333333333
Mastertronic,2010-01-01,0.05,0.035
Paradox Interactive,2010-01-01,0.05,0.03
Team17 Software,2010-01-01,0.05,0.05
Tradewest,2010-01-01,0.05,0.03666666666666667
Cave,2010-01-01,0.04,0.035
ChunSoft,2010-01-01,0.04,0.04
Flashpoint Games,2010-01-01,0.04,0.04
Kadokawa Shoten,2010-01-01,0.04,0.021111111111111112
Prototype,2010-01-01,0.04,0.0275
Virtual Play Games,2010-01-01,0.04,0.03
Yeti,2010-01-01,0.04,0.0275
CyberFront,2010-01-01,0.03,0.018333333333333333
From Software,2010-01-01,0.03,0.03
Funcom,2010-01-01,0.03,0.03
G.Rev,2010-01-01,0.03,0.03
Gust,2010-01-01,0.03,0.03
Home Entertainment Suppliers,2010-01-01,0.03,0.03
Irem Software Engineering,2010-01-01,0.03,0.025
Just Flight,2010-01-01,0.03,0.03
Kamui,2010-01-01,0.03,0.03
Nexon,2010-01-01,0.03,0.03
SNK Playmore,2010-01-01,0.03,0.02
Sting,2010-01-01,0.03,0.03
Alvion,2010-01-01,0.02,0.02
ArtDink,2010-01-01,0.02,0.02
Broccoli,2010-01-01,0.02,0.02
Comfort,2010-01-01,0.02,0.015
Culture Brain,2010-01-01,0.02,0.02
Daedalic,2010-01-01,0.02,0.02
Devolver Digital,2010-01-01,0.02,0.02
Karin Entertainment,2010-01-01,0.02,0.02
MTO,2010-01-01,0.02,0.02
Mamba Games,2010-01-01,0.02,0.02
NetRevo,2010-01-01,0.02,0.02
Paon,2010-01-01,0.02,0.02
RED Entertainment,2010-01-01,0.02,0.02
Rondomedia,2010-01-01,0.02,0.02
Russel,2010-01-01,0.02,0.016666666666666666
Starfish,2010-01-01,0.02,0.02
7G//AMES,2010-01-01,0.01,0.01
Aerosoft,2010-01-01,0.01,0.01
Dorart,2010-01-01,0.01,0.01
FuRyu,2010-01-01,0.01,0.01
GN Software,2010-01-01,0.01,0.01
Hackberry,2010-01-01,0.01,0.01
Piacci,2010-01-01,0.01,0.01
System Soft,2010-01-01,0.01,0.01
Taito,2010-01-01,0.01,0.01
Valcon Games,2010-01-01,0.01,0.01
Nintendo,2009-01-01,33.0,4.0278125000000005
Activision,2009-01-01,13.51,0.6451239669421488
Electronic Arts,2009-01-01,8.11,0.7696428571428572
Ubisoft,2009-01-01,7.27,0.46088235294117647
Sony Computer Entertainment,2009-01-01,6.73,0.8117777777777778
Microsoft Game Studios,2009-01-01,6.36,2.23
Square Enix,2009-01-01,5.36,0.6016666666666667
Capcom,2009-01-01,5.11,1.2980000000000003
Sega,2009-01-01,4.58,0.5795348837209302
Eidos Interactive,2009-01-01,4.25,0.5455
Take-Two Interactive,2009-01-01,3.44,0.4660975609756097
Namco Bandai Games,2009-01-01,2.78,0.2704838709677419
Konami Digital Entertainment,2009-01-01,2.28,0.27271186440677964
Warner Bros. Interactive Entertainment,2009-01-01,2.22,0.4903448275862069
Mindscape,2009-01-01,2.09,0.2684615384615384
THQ,2009-01-01,2.07,0.42819444444444443
Disney Interactive Studios,2009-01-01,1.92,0.5537500000000001
505 Games,2009-01-01,1.75,0.25233333333333335
MTV Games,2009-01-01,1.74,0.434375
Activision Value,2009-01-01,1.7,0.47000000000000003
Zoo Games,2009-01-01,1.31,0.22090909090909092
Codemasters,2009-01-01,1.01,0.3242307692307692
Atari,2009-01-01,0.88,0.22549999999999998
Ubisoft Annecy,2009-01-01,0.86,0.4766666666666666
Hudson Soft,2009-01-01,0.82,0.22749999999999998
LucasArts,2009-01-01,0.82,0.45444444444444443
Nordic Games,2009-01-01,0.78,0.31
Big Ben Interactive,2009-01-01,0.76,0.405
GSP,2009-01-01,0.68,0.26666666666666666
Rondomedia,2009-01-01,0.65,0.308
Bethesda Softworks,2009-01-01,0.63,0.215
Ghostlight,2009-01-01,0.63,0.63
Deep Silver,2009-01-01,0.62,0.10625000000000001
Rising Star Games,2009-01-01,0.61,0.23416666666666666
Spike,2009-01-01,0.61,0.14250000000000002
PQube,2009-01-01,0.58,0.26749999999999996
Majesco Entertainment,2009-01-01,0.57,0.14291666666666666
SouthPeak Games,2009-01-01,0.57,0.15153846153846154
Destineer,2009-01-01,0.55,0.1575
Nippon Ichi Software,2009-01-01,0.5,0.13777777777777778
XS Games,2009-01-01,0.49,0.23666666666666666
D3Publisher,2009-01-01,0.44,0.12290322580645162
Knowledge Adventure,2009-01-01,0.44,0.43
Mastiff,2009-01-01,0.44,0.20666666666666667
ChunSoft,2009-01-01,0.43,0.43
Mentor Interactive,2009-01-01,0.41,0.33
Focus Home Interactive,2009-01-01,0.4,0.13
Avanquest,2009-01-01,0.39,0.1285714285714286
Pinnacle,2009-01-01,0.38,0.38
Valve Software,2009-01-01,0.37,0.37
PopCap Games,2009-01-01,0.34,0.135
Tecmo Koei,2009-01-01,0.34,0.09714285714285714
Zushi Games,2009-01-01,0.33,0.09846153846153846
Storm City Games,2009-01-01,0.31,0.12
Banpresto,2009-01-01,0.3,0.16
Atlus,2009-01-01,0.29,0.192
Vivendi Games,2009-01-01,0.25,0.13
DTP Entertainment,2009-01-01,0.24,0.09181818181818181
GungHo,2009-01-01,0.24,0.16499999999999998
Nordcurrent,2009-01-01,0.23,0.23
Crave Entertainment,2009-01-01,0.22,0.11399999999999999
Falcom Corporation,2009-01-01,0.22,0.11
Kalypso Media,2009-01-01,0.22,0.064
Zoo Digital Publishing,2009-01-01,0.22,0.10363636363636362
Gamebridge,2009-01-01,0.21,0.21
JoWood Productions,2009-01-01,0.21,0.0975
Aspyr,2009-01-01,0.2,0.12
Black Bean Games,2009-01-01,0.2,0.066
City Interactive,2009-01-01,0.2,0.1125
Level 5,2009-01-01,0.2,0.0875
Merscom LLC,2009-01-01,0.2,0.2
Marvelous Interactive,2009-01-01,0.19,0.068
Performance Designed Products,2009-01-01,0.19,0.18
Game Life,2009-01-01,0.17,0.17
Playlogic Game Factory,2009-01-01,0.17,0.07818181818181819
Ignition Entertainment,2009-01-01,0.16,0.135
Vir2L Studios,2009-01-01,0.16,0.16
The Adventure Company,2009-01-01,0.15,0.13
DreamCatcher Interactive,2009-01-01,0.14,0.07833333333333334
Takara Tomy,2009-01-01,0.14,0.06
UFO Interactive,2009-01-01,0.14,0.05666666666666667
Enterbrain,2009-01-01,0.13,0.13
Gust,2009-01-01,0.12,0.06999999999999999
Daedalic,2009-01-01,0.11,0.11
HMH Interactive,2009-01-01,0.11,0.11
Oxygen Interactive,2009-01-01,0.11,0.05555555555555555
ValuSoft,2009-01-01,0.11,0.11
AQ Interactive,2009-01-01,0.1,0.049999999999999996
Blast! Entertainment Ltd,2009-01-01,0.1,0.0475
Enjoy Gaming ltd.,2009-01-01,0.1,0.1
Idea Factory,2009-01-01,0.1,0.04428571428571428
PM Studios,2009-01-01,0.1,0.1
Evolved Games,2009-01-01,0.09,0.049999999999999996
Hudson Entertainment,2009-01-01,0.09,0.09
Phantom EFX,2009-01-01,0.09,0.09
Valcon Games,2009-01-01,0.09,0.05333333333333334
Acquire,2009-01-01,0.08,0.08
From Software,2009-01-01,0.08,0.0325
Natsume,2009-01-01,0.08,0.08
Reef Entertainment,2009-01-01,0.08,0.06
Ackkstudios,2009-01-01,0.07,0.07
Data Design Interactive,2009-01-01,0.07,0.07
Irem Software Engineering,2009-01-01,0.07,0.07
Kadokawa Shoten,2009-01-01,0.07,0.030000000000000002
Paradox Interactive,2009-01-01,0.07,0.030000000000000002
Tivola,2009-01-01,0.07,0.060000000000000005
5pb,2009-01-01,0.06,0.025714285714285714
Conspiracy Entertainment,2009-01-01,0.06,0.034999999999999996
Ecole,2009-01-01,0.06,0.06
Midas Interactive Entertainment,2009-01-01,0.06,0.0375
Nobilis,2009-01-01,0.06,0.03
P2 Games,2009-01-01,0.06,0.04
Rocket Company,2009-01-01,0.06,0.06
ASCII Media Works,2009-01-01,0.05,0.035
Arc System Works,2009-01-01,0.05,0.023333333333333334
Astragon,2009-01-01,0.05,0.05
Graffiti,2009-01-01,0.05,0.04666666666666667
Mastertronic,2009-01-01,0.05,0.05
Phenomedia,2009-01-01,0.05,0.05
Prototype,2009-01-01,0.05,0.026000000000000002
RTL,2009-01-01,0.05,0.04
49Games,2009-01-01,0.04,0.04
Agetec,2009-01-01,0.04,0.04
Alawar Entertainment,2009-01-01,0.04,0.04
Aqua Plus,2009-01-01,0.04,0.03666666666666667
ArtDink,2009-01-01,0.04,0.04
DHM Interactive,2009-01-01,0.04,0.04
Flight-Plan,2009-01-01,0.04,0.04
Magix,2009-01-01,0.04,0.04
SNK Playmore,2009-01-01,0.04,0.03
System 3 Arcade Software,2009-01-01,0.04,0.03
Alchemist,2009-01-01,0.03,0.02
CDV Software Entertainment,2009-01-01,0.03,0.025
Cave,2009-01-01,0.03,0.03
Creative Core,2009-01-01,0.03,0.03
Number None,2009-01-01,0.03,0.03
Russel,2009-01-01,0.03,0.03
Sweets,2009-01-01,0.03,0.03
Tomy Corporation,2009-01-01,0.03,0.03
bitComposer Games,2009-01-01,0.03,0.03
Alvion,2009-01-01,0.02,0.02
Broccoli,2009-01-01,0.02,0.013333333333333334
Edia,2009-01-01,0.02,0.02
Neko Entertainment,2009-01-01,0.02,0.02
NovaLogic,2009-01-01,0.02,0.02
O-Games,2009-01-01,0.02,0.02
PlayV,2009-01-01,0.02,0.02
Revolution (Japan),2009-01-01,0.02,0.02
Slitherine Software,2009-01-01,0.02,0.015
Starfish,2009-01-01,0.02,0.02
Tommo,2009-01-01,0.02,0.02
Unknown,2009-01-01,0.02,0.02
Yeti,2009-01-01,0.02,0.015
1C Company,2009-01-01,0.01,0.01
Compile Heart,2009-01-01,0.01,0.01
CyberFront,2009-01-01,0.01,0.01
G.Rev,2009-01-01,0.01,0.01
Genterprise,2009-01-01,0.01,0.01
Success,2009-01-01,0.01,0.01
TGL,2009-01-01,0.01,0.01
Nintendo,2008-01-01,35.82,2.850625
Take-Two Interactive,2008-01-01,11.02,1.126341463414634
Activision,2008-01-01,7.37,0.7660227272727272
Microsoft Game Studios,2008-01-01,6.76,1.531
Konami Digital Entertainment,2008-01-01,6.03,0.4346875
Sony Computer Entertainment,2008-01-01,5.92,0.72
Capcom,2008-01-01,5.5,0.5123076923076924
Sega,2008-01-01,5.14,0.5550746268656717
Bethesda Softworks,2008-01-01,4.96,1.6271428571428572
Electronic Arts,2008-01-01,3.52,0.7010000000000001
Warner Bros. Interactive Entertainment,2008-01-01,3.38,1.1720000000000002
Disney Interactive Studios,2008-01-01,3.16,0.6693939393939394
THQ,2008-01-01,3.03,0.49918032786885247
LucasArts,2008-01-01,2.8,1.2146153846153847
Ubisoft,2008-01-01,2.42,0.5128571428571428
Square Enix,2008-01-01,2.25,0.41791666666666666
Midway Games,2008-01-01,2.0,0.58
Namco Bandai Games,2008-01-01,1.7,0.20961538461538462
Atari,2008-01-01,1.55,0.2715625
MTV Games,2008-01-01,1.5,0.39
Deep Silver,2008-01-01,1.27,0.22384615384615386
Eidos Interactive,2008-01-01,1.27,0.2192
Codemasters,2008-01-01,1.11,0.28750000000000003
GSP,2008-01-01,1.06,0.4366666666666667
Tecmo Koei,2008-01-01,1.01,0.136
Koch Media,2008-01-01,0.95,0.5016666666666666
505 Games,2008-01-01,0.88,0.21307692307692308
Pinnacle,2008-01-01,0.88,0.26
Atlus,2008-01-01,0.82,0.3
Nobilis,2008-01-01,0.77,0.2357142857142857
Rising Star Games,2008-01-01,0.76,0.26
Touchstone,2008-01-01,0.75,0.48
Vivendi Games,2008-01-01,0.58,0.333125
Empire Interactive,2008-01-01,0.54,0.1575
System 3 Arcade Software,2008-01-01,0.54,0.22166666666666668
Gamebridge,2008-01-01,0.52,0.52
Rondomedia,2008-01-01,0.51,0.24333333333333332
City Interactive,2008-01-01,0.49,0.49
Scholastic Inc.,2008-01-01,0.49,0.265
D3Publisher,2008-01-01,0.48,0.09666666666666665
Xplosiv,2008-01-01,0.48,0.2733333333333334
RTL,2008-01-01,0.41,0.13199999999999998
Tomy Corporation,2008-01-01,0.39,0.39
Activision Value,2008-01-01,0.38,0.1622222222222222
Game Factory,2008-01-01,0.37,0.1390909090909091
Takara Tomy,2008-01-01,0.37,0.08076923076923077
Zushi Games,2008-01-01,0.36,0.13999999999999999
Brash Entertainment,2008-01-01,0.35,0.1275
Enterbrain,2008-01-01,0.32,0.19
Hudson Soft,2008-01-01,0.32,0.09625
Zoo Digital Publishing,2008-01-01,0.32,0.12083333333333333
Zoo Games,2008-01-01,0.31,0.11750000000000001
Destineer,2008-01-01,0.29,0.10266666666666667
DTP Entertainment,2008-01-01,0.27,0.09888888888888889
Majesco Entertainment,2008-01-01,0.27,0.11416666666666668
Nordic Games,2008-01-01,0.27,0.27
Spike,2008-01-01,0.27,0.0975
Black Bean Games,2008-01-01,0.25,0.118
Nippon Ichi Software,2008-01-01,0.24,0.128
Oxygen Interactive,2008-01-01,0.24,0.09571428571428572
PopCap Games,2008-01-01,0.24,0.10333333333333333
AQ Interactive,2008-01-01,0.22,0.22
GungHo,2008-01-01,0.22,0.10500000000000001
Ignition Entertainment,2008-01-01,0.22,0.09866666666666667
Unknown,2008-01-01,0.21,0.16
Compile Heart,2008-01-01,0.2,0.2
Crave Entertainment,2008-01-01,0.2,0.17666666666666667
Gust,2008-01-01,0.2,0.2
Mindscape,2008-01-01,0.2,0.17
Nordcurrent,2008-01-01,0.2,0.2
SouthPeak Games,2008-01-01,0.19,0.0925
Mumbo Jumbo,2008-01-01,0.17,0.07
Popcorn Arcade,2008-01-01,0.16,0.08
Avanquest,2008-01-01,0.15,0.095
JoWood Productions,2008-01-01,0.15,0.086
Acquire,2008-01-01,0.14,0.14
Arc System Works,2008-01-01,0.14,0.065
Banpresto,2008-01-01,0.14,0.11750000000000001
Data Design Interactive,2008-01-01,0.13,0.13
Sting,2008-01-01,0.13,0.076
Moss,2008-01-01,0.12,0.12
Playlogic Game Factory,2008-01-01,0.12,0.11
Alchemist,2008-01-01,0.1,0.04285714285714286
CDV Software Entertainment,2008-01-01,0.1,0.055
Cave,2008-01-01,0.1,0.1
"Destination Software, Inc",2008-01-01,0.1,0.065
Kadokawa Shoten,2008-01-01,0.1,0.03666666666666667
DSI Games,2008-01-01,0.09,0.09
Ghostlight,2008-01-01,0.09,0.055
The Adventure Company,2008-01-01,0.09,0.08333333333333333
Valcon Games,2008-01-01,0.09,0.07
Aqua Plus,2008-01-01,0.08,0.08
Aspyr,2008-01-01,0.08,0.055
Conspiracy Entertainment,2008-01-01,0.08,0.049999999999999996
Focus Home Interactive,2008-01-01,0.08,0.08
Milestone,2008-01-01,0.08,0.08
PQube,2008-01-01,0.08,0.07
Success,2008-01-01,0.08,0.049999999999999996
Telegames,2008-01-01,0.08,0.08
Falcom Corporation,2008-01-01,0.07,0.036666666666666674
Gamecock,2008-01-01,0.07,0.05
Irem Software Engineering,2008-01-01,0.07,0.049999999999999996
Mercury Games,2008-01-01,0.07,0.065
Vir2L Studios,2008-01-01,0.07,0.05
Ascaron Entertainment GmbH,2008-01-01,0.06,0.034999999999999996
Benesse,2008-01-01,0.06,0.035
Creative Core,2008-01-01,0.06,0.034999999999999996
Marvelous Interactive,2008-01-01,0.06,0.023846153846153847
Paon,2008-01-01,0.06,0.034999999999999996
UFO Interactive,2008-01-01,0.06,0.0375
DreamCatcher Interactive,2008-01-01,0.05,0.035
Hackberry,2008-01-01,0.05,0.04
Idea Factory,2008-01-01,0.05,0.03666666666666667
Navarre Corp,2008-01-01,0.05,0.05
Tivola,2008-01-01,0.05,0.05
Yeti,2008-01-01,0.05,0.05
2D Boy,2008-01-01,0.04,0.04
5pb,2008-01-01,0.04,0.02
ASCII Media Works,2008-01-01,0.04,0.03
CyberFront,2008-01-01,0.04,0.04
Global A Entertainment,2008-01-01,0.04,0.025
Graffiti,2008-01-01,0.04,0.04
IE Institute,2008-01-01,0.04,0.04
Ivolgamus,2008-01-01,0.04,0.04
Legacy Interactive,2008-01-01,0.04,0.04
NEC Interchannel,2008-01-01,0.04,0.04
Prototype,2008-01-01,0.04,0.02666666666666667
XS Games,2008-01-01,0.04,0.03
Broccoli,2008-01-01,0.03,0.03
GN Software,2008-01-01,0.03,0.03
HMH Interactive,2008-01-01,0.03,0.03
Jaleco,2008-01-01,0.03,0.025
Kalypso Media,2008-01-01,0.03,0.025
Mamba Games,2008-01-01,0.03,0.03
Metro 3D,2008-01-01,0.03,0.025
Midas Interactive Entertainment,2008-01-01,0.03,0.03
Neko Entertainment,2008-01-01,0.03,0.025
Phenomedia,2008-01-01,0.03,0.03
SNK Playmore,2008-01-01,0.03,0.02
Tryfirst,2008-01-01,0.03,0.03
ValuSoft,2008-01-01,0.03,0.03
Aksys Games,2008-01-01,0.02,0.02
Arika,2008-01-01,0.02,0.02
Big Ben Interactive,2008-01-01,0.02,0.02
Big Fish Games,2008-01-01,0.02,0.02
Blast! Entertainment Ltd,2008-01-01,0.02,0.02
Codemasters Online,2008-01-01,0.02,0.02
Crimson Cow,2008-01-01,0.02,0.02
Culture Brain,2008-01-01,0.02,0.02
Dorart,2008-01-01,0.02,0.02
GOA,2008-01-01,0.02,0.02
Interchannel,2008-01-01,0.02,0.02
Lexicon Entertainment,2008-01-01,0.02,0.02
Minato Station,2008-01-01,0.02,0.02
Mirai Shounen,2008-01-01,0.02,0.02
Paradox Interactive,2008-01-01,0.02,0.02
Princess Soft,2008-01-01,0.02,0.02
System Soft,2008-01-01,0.02,0.02
fonfun,2008-01-01,0.02,0.02
Commseed,2008-01-01,0.01,0.01
Hudson Entertainment,2008-01-01,0.01,0.01
MTO,2008-01-01,0.01,0.01
Naxat Soft,2008-01-01,0.01,0.01
Rocket Company,2008-01-01,0.01,0.01
Russel,2008-01-01,0.01,0.01
Nintendo,2007-01-01,22.72,2.4804761904761903
Microsoft Game Studios,2007-01-01,12.14,1.3736842105263158
Activision,2007-01-01,9.32,0.8476
Sega,2007-01-01,8.06,0.4738
LucasArts,2007-01-01,5.83,1.7
Ubisoft,2007-01-01,5.55,0.5522727272727272
Sony Computer Entertainment,2007-01-01,4.94,0.9156097560975609
Take-Two Interactive,2007-01-01,4.1,0.5354054054054054
Electronic Arts,2007-01-01,3.69,0.6666355140186916
Konami Digital Entertainment,2007-01-01,3.63,0.2821311475409836
505 Games,2007-01-01,3.61,0.3725
Square Enix,2007-01-01,3.19,0.7086956521739131
Atari,2007-01-01,3.0,0.36677419354838714
Capcom,2007-01-01,2.58,0.5835294117647059
Midway Games,2007-01-01,2.52,0.4764705882352941
THQ,2007-01-01,2.34,0.4498648648648649
Disney Interactive Studios,2007-01-01,2.2,0.6014285714285714
Mindscape,2007-01-01,1.71,1.12
D3Publisher,2007-01-01,1.7,0.2868181818181818
Rising Star Games,2007-01-01,1.44,0.25684210526315787
RTL,2007-01-01,1.26,1.26
Unknown,2007-01-01,1.21,0.365
Eidos Interactive,2007-01-01,1.15,0.29545454545454547
Russel,2007-01-01,1.12,1.12
RedOctane,2007-01-01,1.11,1.11
Codemasters,2007-01-01,1.06,0.25583333333333336
Tomy Corporation,2007-01-01,1.02,1.02
Game Factory,2007-01-01,0.93,0.17
Bethesda Softworks,2007-01-01,0.91,0.515
Tecmo Koei,2007-01-01,0.87,0.18
Namco Bandai Games,2007-01-01,0.84,0.15489795918367347
Scholastic Inc.,2007-01-01,0.83,0.83
Spike,2007-01-01,0.72,0.24
SouthPeak Games,2007-01-01,0.71,0.26
Vivendi Games,2007-01-01,0.64,0.2538095238095238
Ignition Entertainment,2007-01-01,0.47,0.11285714285714285
Majesco Entertainment,2007-01-01,0.45,0.15833333333333335
Banpresto,2007-01-01,0.44,0.17666666666666667
Telegames,2007-01-01,0.42,0.27
Warner Bros. Interactive Entertainment,2007-01-01,0.41,0.27999999999999997
"Destination Software, Inc",2007-01-01,0.36,0.185
Zoo Digital Publishing,2007-01-01,0.36,0.09749999999999999
Hudson Soft,2007-01-01,0.34,0.17
Rocket Company,2007-01-01,0.33,0.14666666666666667
CokeM Interactive,2007-01-01,0.31,0.31
Avanquest,2007-01-01,0.3,0.17666666666666667
Empire Interactive,2007-01-01,0.28,0.215
Activision Value,2007-01-01,0.27,0.14500000000000002
Mumbo Jumbo,2007-01-01,0.27,0.17500000000000002
Crave Entertainment,2007-01-01,0.25,0.1075
Detn8 Games,2007-01-01,0.23,0.23
Jaleco,2007-01-01,0.18,0.09000000000000001
Nippon Ichi Software,2007-01-01,0.18,0.07833333333333334
Blast! Entertainment Ltd,2007-01-01,0.17,0.17
IE Institute,2007-01-01,0.17,0.17
Kadokawa Shoten,2007-01-01,0.17,0.08666666666666667
AQ Interactive,2007-01-01,0.16,0.16
Success,2007-01-01,0.16,0.064
White Park Bay Software,2007-01-01,0.16,0.16
Xplosiv,2007-01-01,0.15,0.11
Brash Entertainment,2007-01-01,0.14,0.10500000000000001
Oxygen Interactive,2007-01-01,0.14,0.14
Touchstone,2007-01-01,0.14,0.14
Destineer,2007-01-01,0.13,0.07
Funsta,2007-01-01,0.13,0.07
Game Life,2007-01-01,0.13,0.13
Natsume,2007-01-01,0.13,0.13
System 3 Arcade Software,2007-01-01,0.13,0.095
DHM Interactive,2007-01-01,0.12,0.06999999999999999
Alchemist,2007-01-01,0.11,0.06333333333333334
Gameloft,2007-01-01,0.11,0.11
O3 Entertainment,2007-01-01,0.11,0.11
PQube,2007-01-01,0.11,0.075
Sting,2007-01-01,0.11,0.11
Benesse,2007-01-01,0.1,0.095
Ghostlight,2007-01-01,0.1,0.085
Paon,2007-01-01,0.1,0.07
Shogakukan,2007-01-01,0.1,0.1
Takara Tomy,2007-01-01,0.1,0.0625
Data Design Interactive,2007-01-01,0.09,0.09
Hackberry,2007-01-01,0.09,0.055
MTO,2007-01-01,0.09,0.03666666666666667
Flight-Plan,2007-01-01,0.08,0.08
Popcorn Arcade,2007-01-01,0.08,0.03571428571428571
Black Bean Games,2007-01-01,0.07,0.05500000000000001
Global A Entertainment,2007-01-01,0.07,0.07
Metro 3D,2007-01-01,0.07,0.060000000000000005
SNK Playmore,2007-01-01,0.07,0.0425
Tommo,2007-01-01,0.07,0.049999999999999996
10TACLE Studios,2007-01-01,0.06,0.045
Falcom Corporation,2007-01-01,0.06,0.034999999999999996
Grand Prix Games,2007-01-01,0.06,0.06
Hudson Entertainment,2007-01-01,0.06,0.06
Mercury Games,2007-01-01,0.06,0.04
Midas Interactive Entertainment,2007-01-01,0.06,0.06
Phenomedia,2007-01-01,0.06,0.055
Starfish,2007-01-01,0.06,0.05
Atlus,2007-01-01,0.05,0.05
Ertain,2007-01-01,0.05,0.05
Irem Software Engineering,2007-01-01,0.05,0.05
Monte Christo Multimedia,2007-01-01,0.05,0.05
Nobilis,2007-01-01,0.05,0.030000000000000002
Nordcurrent,2007-01-01,0.05,0.05
Taito,2007-01-01,0.05,0.02666666666666667
Zushi Games,2007-01-01,0.05,0.05
Conspiracy Entertainment,2007-01-01,0.04,0.035
Genki,2007-01-01,0.04,0.03
Gust,2007-01-01,0.04,0.04
JoWood Productions,2007-01-01,0.04,0.04
PopCap Games,2007-01-01,0.04,0.04
Broccoli,2007-01-01,0.03,0.023333333333333334
Focus Home Interactive,2007-01-01,0.03,0.03
Idea Factory,2007-01-01,0.03,0.025
Kids Station,2007-01-01,0.03,0.03
Lexicon Entertainment,2007-01-01,0.03,0.03
Marvelous Interactive,2007-01-01,0.03,0.01909090909090909
Neko Entertainment,2007-01-01,0.03,0.03
Paradox Interactive,2007-01-01,0.03,0.03
TDK Core,2007-01-01,0.03,0.03
UFO Interactive,2007-01-01,0.03,0.03
CyberFront,2007-01-01,0.02,0.02
DSI Games,2007-01-01,0.02,0.016666666666666666
DTP Entertainment,2007-01-01,0.02,0.02
Deep Silver,2007-01-01,0.02,0.02
Gakken,2007-01-01,0.02,0.02
Lighthouse Interactive,2007-01-01,0.02,0.02
Media Works,2007-01-01,0.02,0.02
Phoenix Games,2007-01-01,0.02,0.02
Prototype,2007-01-01,0.02,0.018
Sunrise Interactive,2007-01-01,0.02,0.02
Warashi,2007-01-01,0.02,0.02
XS Games,2007-01-01,0.02,0.02
Yuke's,2007-01-01,0.02,0.02
Zenrin,2007-01-01,0.02,0.02
Aqua Plus,2007-01-01,0.01,0.01
Aspyr,2007-01-01,0.01,0.01
Datam Polystar,2007-01-01,0.01,0.01
Enterbrain,2007-01-01,0.01,0.01
Interchannel-Holon,2007-01-01,0.01,0.01
Kalypso Media,2007-01-01,0.01,0.01
Yeti,2007-01-01,0.01,0.01
Nintendo,2006-01-01,82.74,3.8794339622641507
Microsoft Game Studios,2006-01-01,6.11,1.108888888888889
Square Enix,2006-01-01,5.95,1.1191666666666666
505 Games,2006-01-01,5.72,0.34045454545454545
RedOctane,2006-01-01,5.12,5.12
Take-Two Interactive,2006-01-01,5.08,0.6239393939393939
Electronic Arts,2006-01-01,4.49,0.5726470588235294
Konami Digital Entertainment,2006-01-01,4.39,0.2212121212121212
Sony Computer Entertainment,2006-01-01,4.35,0.6629411764705883
Activision,2006-01-01,2.71,0.348
LucasArts,2006-01-01,2.69,0.8266666666666667
Disney Interactive Studios,2006-01-01,2.65,0.44153846153846155
THQ,2006-01-01,2.58,0.43754385964912285
Sega,2006-01-01,2.27,0.3363829787234043
Capcom,2006-01-01,2.21,0.4222222222222222
Ubisoft,2006-01-01,1.96,0.2831147540983606
Oxygen Interactive,2006-01-01,1.68,0.6
Namco Bandai Games,2006-01-01,1.37,0.17727272727272725
Alchemist,2006-01-01,1.22,0.62
Vivendi Games,2006-01-01,1.19,0.24105263157894738
Midway Games,2006-01-01,1.06,0.22
Atari,2006-01-01,0.79,0.1882608695652174
Rocket Company,2006-01-01,0.67,0.34500000000000003
IE Institute,2006-01-01,0.66,0.365
Tecmo Koei,2006-01-01,0.61,0.1396153846153846
Rising Star Games,2006-01-01,0.56,0.1622222222222222
Eidos Interactive,2006-01-01,0.52,0.1510344827586207
Spike,2006-01-01,0.44,0.285
D3Publisher,2006-01-01,0.42,0.1053846153846154
Deep Silver,2006-01-01,0.3,0.11666666666666665
Warner Bros. Interactive Entertainment,2006-01-01,0.29,0.29
Xplosiv,2006-01-01,0.28,0.1
Takara Tomy,2006-01-01,0.23,0.11333333333333334
Ghostlight,2006-01-01,0.21,0.21
Hudson Soft,2006-01-01,0.21,0.07666666666666666
Crave Entertainment,2006-01-01,0.2,0.06
Ignition Entertainment,2006-01-01,0.2,0.09000000000000001
Shogakukan,2006-01-01,0.2,0.2
Banpresto,2006-01-01,0.18,0.08714285714285715
Empire Interactive,2006-01-01,0.16,0.065
Majesco Entertainment,2006-01-01,0.16,0.06166666666666667
Sony Online Entertainment,2006-01-01,0.16,0.16
TDK Core,2006-01-01,0.16,0.11
Activision Value,2006-01-01,0.14,0.08333333333333333
System 3 Arcade Software,2006-01-01,0.14,0.06666666666666667
MTO,2006-01-01,0.12,0.08
Aqua Plus,2006-01-01,0.11,0.11
Daito,2006-01-01,0.11,0.057499999999999996
Enterbrain,2006-01-01,0.1,0.08
Unknown,2006-01-01,0.1,0.060000000000000005
Zoo Digital Publishing,2006-01-01,0.1,0.06166666666666667
Idea Factory,2006-01-01,0.09,0.042499999999999996
Bethesda Softworks,2006-01-01,0.08,0.05
Codemasters,2006-01-01,0.08,0.02875
Sammy Corporation,2006-01-01,0.08,0.08
SouthPeak Games,2006-01-01,0.08,0.07
Aria,2006-01-01,0.07,0.07
Edia,2006-01-01,0.07,0.07
Myelin Media,2006-01-01,0.07,0.043333333333333335
Game Factory,2006-01-01,0.06,0.03428571428571429
Irem Software Engineering,2006-01-01,0.06,0.06
JoWood Productions,2006-01-01,0.06,0.06
Acquire,2006-01-01,0.05,0.05
"Destination Software, Inc",2006-01-01,0.05,0.030000000000000002
DreamCatcher Interactive,2006-01-01,0.05,0.045
From Software,2006-01-01,0.05,0.05
Global Star,2006-01-01,0.05,0.03
Natsume,2006-01-01,0.05,0.03
Asmik Ace Entertainment,2006-01-01,0.04,0.04
DSI Games,2006-01-01,0.04,0.04
Essential Games,2006-01-01,0.04,0.03
Interchannel,2006-01-01,0.04,0.02666666666666667
Marvelous Interactive,2006-01-01,0.04,0.035
Taito,2006-01-01,0.04,0.03
Zenrin,2006-01-01,0.04,0.04
Atlus,2006-01-01,0.03,0.025
Broccoli,2006-01-01,0.03,0.03
Global A Entertainment,2006-01-01,0.03,0.03
Groove Games,2006-01-01,0.03,0.03
Kando Games,2006-01-01,0.03,0.03
Mad Catz,2006-01-01,0.03,0.03
Media Works,2006-01-01,0.03,0.03
Midas Interactive Entertainment,2006-01-01,0.03,0.03
NCSoft,2006-01-01,0.03,0.025
Princess Soft,2006-01-01,0.03,0.03
Sting,2006-01-01,0.03,0.03
Success,2006-01-01,0.03,0.03
Valcon Games,2006-01-01,0.03,0.03
Yuke's,2006-01-01,0.03,0.03
10TACLE Studios,2006-01-01,0.02,0.02
ChunSoft,2006-01-01,0.02,0.015
Focus Home Interactive,2006-01-01,0.02,0.015
Funsta,2006-01-01,0.02,0.02
Hamster Corporation,2006-01-01,0.02,0.02
Hasbro Interactive,2006-01-01,0.02,0.02
Hudson Entertainment,2006-01-01,0.02,0.02
KID,2006-01-01,0.02,0.016666666666666666
Kadokawa Shoten,2006-01-01,0.02,0.02
Mastertronic,2006-01-01,0.02,0.02
Mumbo Jumbo,2006-01-01,0.02,0.02
O3 Entertainment,2006-01-01,0.02,0.02
SNK Playmore,2006-01-01,0.02,0.02
Sunrise Interactive,2006-01-01,0.02,0.02
Sweets,2006-01-01,0.02,0.02
Tomy Corporation,2006-01-01,0.02,0.02
Yamasa Entertainment,2006-01-01,0.02,0.02
GN Software,2006-01-01,0.01,0.01
Liquid Games,2006-01-01,0.01,0.01
Michaelsoft,2006-01-01,0.01,0.01
Ongakukan,2006-01-01,0.01,0.01
PopCap Games,2006-01-01,0.01,0.01
Yeti,2006-01-01,0.01,0.01
Nintendo,2005-01-01,24.76,2.8326666666666664
Take-Two Interactive,2005-01-01,7.72,0.641219512195122
Electronic Arts,2005-01-01,4.91,0.5727350427350428
Sony Computer Entertainment,2005-01-01,4.45,0.5495833333333333
Square Enix,2005-01-01,4.33,1.1183333333333334
Konami Digital Entertainment,2005-01-01,4.06,0.2664285714285714
Namco Bandai Games,2005-01-01,3.98,0.3607317073170732
Capcom,2005-01-01,3.62,0.5529166666666666
LucasArts,2005-01-01,3.59,1.23375
Eidos Interactive,2005-01-01,3.53,0.6666666666666666
Sega,2005-01-01,3.15,0.37387096774193546
THQ,2005-01-01,2.94,0.35285714285714287
Activision,2005-01-01,2.67,0.5055714285714286
RedOctane,2005-01-01,2.38,1.2249999999999999
Ubisoft,2005-01-01,2.04,0.28929824561403505
Vivendi Games,2005-01-01,1.77,0.2488
Atari,2005-01-01,1.66,0.2327777777777778
Tecmo Koei,2005-01-01,1.39,0.2523076923076923
Microsoft Game Studios,2005-01-01,1.05,0.4064285714285714
Unknown,2005-01-01,0.93,0.3866666666666667
Disney Interactive Studios,2005-01-01,0.7,0.325
Midway Games,2005-01-01,0.69,0.2471428571428571
Sony Online Entertainment,2005-01-01,0.65,0.65
Banpresto,2005-01-01,0.59,0.22
SouthPeak Games,2005-01-01,0.57,0.57
Ignition Entertainment,2005-01-01,0.56,0.15857142857142859
Rising Star Games,2005-01-01,0.48,0.11428571428571428
NovaLogic,2005-01-01,0.46,0.4
Jester Interactive,2005-01-01,0.4,0.4
Jack of All Games,2005-01-01,0.38,0.38
Global Star,2005-01-01,0.35,0.13533333333333333
Zoo Digital Publishing,2005-01-01,0.35,0.10290322580645161
Oxygen Interactive,2005-01-01,0.34,0.34
Tomy Corporation,2005-01-01,0.33,0.23333333333333336
Marvelous Interactive,2005-01-01,0.3,0.16333333333333333
Codemasters,2005-01-01,0.29,0.11285714285714286
ValuSoft,2005-01-01,0.24,0.24
Play It,2005-01-01,0.23,0.14333333333333334
Hudson Soft,2005-01-01,0.22,0.22
Crave Entertainment,2005-01-01,0.2,0.07666666666666666
Xplosiv,2005-01-01,0.2,0.2
505 Games,2005-01-01,0.18,0.09769230769230769
DSI Games,2005-01-01,0.17,0.17
Essential Games,2005-01-01,0.17,0.17
DTP Entertainment,2005-01-01,0.16,0.115
Deep Silver,2005-01-01,0.15,0.08333333333333333
Ghostlight,2005-01-01,0.14,0.11000000000000001
Bethesda Softworks,2005-01-01,0.13,0.095
D3Publisher,2005-01-01,0.13,0.0975
XS Games,2005-01-01,0.13,0.13
Playlogic Game Factory,2005-01-01,0.12,0.12
Empire Interactive,2005-01-01,0.11,0.06571428571428571
Majesco Entertainment,2005-01-01,0.11,0.059
SCi,2005-01-01,0.11,0.09000000000000001
SNK Playmore,2005-01-01,0.11,0.06
Valcon Games,2005-01-01,0.11,0.11
Hip Interactive,2005-01-01,0.1,0.05666666666666667
"Destination Software, Inc",2005-01-01,0.08,0.08
Microids,2005-01-01,0.07,0.07
SNK,2005-01-01,0.07,0.07
Groove Games,2005-01-01,0.06,0.06
Mastiff,2005-01-01,0.06,0.04
Midas Interactive Entertainment,2005-01-01,0.06,0.06
Warner Bros. Interactive Entertainment,2005-01-01,0.06,0.06
Activision Value,2005-01-01,0.05,0.05
JoWood Productions,2005-01-01,0.05,0.0275
Flashpoint Games,2005-01-01,0.04,0.04
Kadokawa Shoten,2005-01-01,0.04,0.04
NCSoft,2005-01-01,0.04,0.035
Success,2005-01-01,0.04,0.035
responDESIGN,2005-01-01,0.04,0.04
Game Factory,2005-01-01,0.03,0.03
Idea Factory,2005-01-01,0.03,0.03
Yuke's,2005-01-01,0.03,0.03
DreamCatcher Interactive,2005-01-01,0.02,0.02
Encore,2005-01-01,0.02,0.02
Graphsim Entertainment,2005-01-01,0.02,0.02
Kemco,2005-01-01,0.02,0.02
MC2 Entertainment,2005-01-01,0.02,0.02
Telegames,2005-01-01,0.02,0.02
Wanadoo,2005-01-01,0.02,0.02
Black Bean Games,2005-01-01,0.01,0.01
CDV Software Entertainment,2005-01-01,0.01,0.01
Take-Two Interactive,2004-01-01,20.81,2.0091666666666668
Sony Computer Entertainment,2004-01-01,11.66,1.1720000000000002
Nintendo,2004-01-01,10.49,1.0640350877192981
Microsoft Game Studios,2004-01-01,8.49,1.0523076923076924
Electronic Arts,2004-01-01,6.9,0.7829069767441861
Activision,2004-01-01,6.28,0.8346808510638298
Square Enix,2004-01-01,5.21,1.3566666666666667
Konami Digital Entertainment,2004-01-01,4.23,0.4809523809523809
LucasArts,2004-01-01,3.61,0.9824999999999999
Sega,2004-01-01,2.9,0.42607142857142855
THQ,2004-01-01,2.37,0.5855102040816327
Vivendi Games,2004-01-01,2.37,0.37555555555555553
Atari,2004-01-01,1.94,0.29615384615384616
Midway Games,2004-01-01,1.88,0.548
Sony Computer Entertainment Europe,2004-01-01,1.71,1.71
Enix Corporation,2004-01-01,1.65,1.65
Ubisoft,2004-01-01,1.64,0.48125
Global Star,2004-01-01,1.59,0.26333333333333336
Capcom,2004-01-01,1.45,0.2982608695652174
TDK Mediactive,2004-01-01,1.33,1.33
Sony Online Entertainment,2004-01-01,1.28,1.28
SouthPeak Games,2004-01-01,1.2,1.2
Empire Interactive,2004-01-01,1.15,0.386
Sammy Corporation,2004-01-01,1.0,1.0
Play It,2004-01-01,0.95,0.3457142857142857
Disney Interactive Studios,2004-01-01,0.83,0.40750000000000003
Eidos Interactive,2004-01-01,0.8,0.3
Namco Bandai Games,2004-01-01,0.73,0.21960000000000002
Illusion Softworks,2004-01-01,0.7,0.7
Interplay,2004-01-01,0.68,0.68
Majesco Entertainment,2004-01-01,0.66,0.3175
Unknown,2004-01-01,0.64,0.2665
Gotham Games,2004-01-01,0.61,0.61
Zoo Digital Publishing,2004-01-01,0.56,0.17176470588235293
Enterbrain,2004-01-01,0.55,0.30500000000000005
SCi,2004-01-01,0.53,0.172
Crave Entertainment,2004-01-01,0.51,0.12
Tecmo Koei,2004-01-01,0.51,0.19230769230769232
Banpresto,2004-01-01,0.5,0.25666666666666665
Tomy Corporation,2004-01-01,0.44,0.44
Mud Duck Productions,2004-01-01,0.42,0.275
Deep Silver,2004-01-01,0.32,0.32
Acclaim Entertainment,2004-01-01,0.3,0.15142857142857144
Ignition Entertainment,2004-01-01,0.26,0.09
Indie Games,2004-01-01,0.26,0.10666666666666667
Game Factory,2004-01-01,0.24,0.24
Marvelous Interactive,2004-01-01,0.24,0.24
505 Games,2004-01-01,0.22,0.089
Mad Catz,2004-01-01,0.2,0.2
Bethesda Softworks,2004-01-01,0.19,0.125
Gathering of Developers,2004-01-01,0.18,0.115
Codemasters,2004-01-01,0.14,0.07461538461538463
Hip Interactive,2004-01-01,0.14,0.095
Ghostlight,2004-01-01,0.13,0.13
Mastiff,2004-01-01,0.1,0.1
Sting,2004-01-01,0.1,0.1
O3 Entertainment,2004-01-01,0.09,0.09
responDESIGN,2004-01-01,0.09,0.09
Agatsuma Entertainment,2004-01-01,0.08,0.08
Hudson Soft,2004-01-01,0.08,0.08
Spike,2004-01-01,0.08,0.08
Atlus,2004-01-01,0.07,0.045000000000000005
Avalon Interactive,2004-01-01,0.07,0.060000000000000005
Microids,2004-01-01,0.07,0.045000000000000005
Activision Value,2004-01-01,0.06,0.06
BAM! Entertainment,2004-01-01,0.06,0.03333333333333333
Arika,2004-01-01,0.05,0.05
Big Ben Interactive,2004-01-01,0.05,0.05
Evolved Games,2004-01-01,0.05,0.0225
Jaleco,2004-01-01,0.05,0.035
Ascaron Entertainment GmbH,2004-01-01,0.04,0.04
MC2 Entertainment,2004-01-01,0.04,0.03
Summitsoft,2004-01-01,0.04,0.04
XS Games,2004-01-01,0.04,0.02
"Destination Software, Inc",2004-01-01,0.03,0.02
JoWood Productions,2004-01-01,0.03,0.025
Sunflowers,2004-01-01,0.03,0.03
DreamCatcher Interactive,2004-01-01,0.02,0.02
Kadokawa Shoten,2004-01-01,0.02,0.02
Electronic Arts,2003-01-01,7.2,0.8215294117647058
Nintendo,2003-01-01,6.95,1.4125925925925926
Vivendi Games,2003-01-01,4.7,0.4821875
Sony Computer Entertainment,2003-01-01,4.2,0.76
Activision,2003-01-01,3.9,0.6288235294117647
Atari,2003-01-01,3.18,0.426
Sega,2003-01-01,2.96,0.3915625
Konami Digital Entertainment,2003-01-01,2.9,0.5174074074074074
THQ,2003-01-01,2.82,0.4590625
Ubisoft,2003-01-01,2.65,0.3593617021276596
Take-Two Interactive,2003-01-01,2.49,0.755
SquareSoft,2003-01-01,2.13,2.13
Tecmo Koei,2003-01-01,2.11,0.46444444444444444
Namco Bandai Games,2003-01-01,2.06,0.45478260869565224
Capcom,2003-01-01,1.97,0.2945161290322581
Microsoft Game Studios,2003-01-01,1.67,0.31857142857142856
Midway Games,2003-01-01,1.46,0.18791666666666665
TDK Mediactive,2003-01-01,1.29,0.19642857142857142
Eidos Interactive,2003-01-01,1.26,0.35705882352941176
Zoo Digital Publishing,2003-01-01,1.17,0.25111111111111106
Universal Interactive,2003-01-01,1.06,0.48833333333333334
Empire Interactive,2003-01-01,1.0,0.40166666666666667
Codemasters,2003-01-01,0.94,0.34142857142857147
Unknown,2003-01-01,0.93,0.93
Genki,2003-01-01,0.91,0.545
Acclaim Entertainment,2003-01-01,0.84,0.16642857142857143
LucasArts,2003-01-01,0.8,0.27375
SCi,2003-01-01,0.77,0.19
Activision Value,2003-01-01,0.76,0.485
Gotham Games,2003-01-01,0.76,0.308
Tomy Corporation,2003-01-01,0.68,0.268
Enix Corporation,2003-01-01,0.66,0.66
Square Enix,2003-01-01,0.65,0.4033333333333333
Banpresto,2003-01-01,0.6,0.21833333333333335
Warner Bros. Interactive Entertainment,2003-01-01,0.5,0.335
Majesco Entertainment,2003-01-01,0.44,0.355
Interplay,2003-01-01,0.43,0.3
Sony Online Entertainment,2003-01-01,0.43,0.31
Ghostlight,2003-01-01,0.38,0.38
Knowledge Adventure,2003-01-01,0.37,0.305
Natsume,2003-01-01,0.37,0.37
3DO,2003-01-01,0.36,0.15
Hudson Soft,2003-01-01,0.35,0.18666666666666665
Disney Interactive Studios,2003-01-01,0.33,0.29000000000000004
Agetec,2003-01-01,0.31,0.195
Mud Duck Productions,2003-01-01,0.3,0.3
Jorudan,2003-01-01,0.29,0.29
BAM! Entertainment,2003-01-01,0.23,0.10833333333333334
Kemco,2003-01-01,0.23,0.115
CCP,2003-01-01,0.22,0.22
Bethesda Softworks,2003-01-01,0.2,0.2
Metro 3D,2003-01-01,0.19,0.10666666666666667
Jaleco,2003-01-01,0.17,0.055714285714285716
Play It,2003-01-01,0.16,0.155
Sammy Corporation,2003-01-01,0.16,0.16
Mindscape,2003-01-01,0.14,0.095
Infogrames,2003-01-01,0.13,0.07
Telegames,2003-01-01,0.12,0.1
Atlus,2003-01-01,0.11,0.06333333333333334
Ignition Entertainment,2003-01-01,0.11,0.0575
505 Games,2003-01-01,0.1,0.1
Microids,2003-01-01,0.1,0.060000000000000005
DreamCatcher Interactive,2003-01-01,0.09,0.06
Crave Entertainment,2003-01-01,0.07,0.07
Hudson Entertainment,2003-01-01,0.07,0.07
NewKidCo,2003-01-01,0.07,0.04666666666666667
"Destination Software, Inc",2003-01-01,0.05,0.05
LSP Games,2003-01-01,0.05,0.03
Avalon Interactive,2003-01-01,0.04,0.04
Game Factory,2003-01-01,0.04,0.04
Gathering of Developers,2003-01-01,0.04,0.03
Jester Interactive,2003-01-01,0.04,0.04
Kool Kizz,2003-01-01,0.04,0.04
Takara,2003-01-01,0.04,0.04
Marvelous Interactive,2003-01-01,0.03,0.03
Xicat Interactive,2003-01-01,0.03,0.03
Aspyr,2003-01-01,0.02,0.02
Titus,2003-01-01,0.02,0.02
Wanadoo,2003-01-01,0.02,0.015
Encore,2003-01-01,0.01,0.01
Taito,2003-01-01,0.01,0.01
Take-Two Interactive,2002-01-01,16.15,2.53625
Nintendo,2002-01-01,15.85,2.195909090909091
Electronic Arts,2002-01-01,6.83,0.829659090909091
Sony Computer Entertainment,2002-01-01,6.4,0.8616666666666667
Activision,2002-01-01,4.48,0.5188
Namco Bandai Games,2002-01-01,3.44,0.5192
Atari,2002-01-01,3.09,0.4521276595744681
THQ,2002-01-01,3.02,0.48872727272727273
Ubisoft,2002-01-01,3.02,0.3684090909090909
Konami Digital Entertainment,2002-01-01,2.99,0.2258181818181818
Eidos Interactive,2002-01-01,2.96,0.45866666666666667
Midway Games,2002-01-01,2.49,0.25272727272727274
Capcom,2002-01-01,2.25,0.5184210526315789
Microsoft Game Studios,2002-01-01,2.1,0.348
Infogrames,2002-01-01,2.05,0.3845454545454545
Universal Interactive,2002-01-01,1.97,0.625
Sega,2002-01-01,1.81,0.31538461538461543
Vivendi Games,2002-01-01,1.58,0.27187500000000003
Gotham Games,2002-01-01,1.57,1.57
Codemasters,2002-01-01,1.4,0.356
Acclaim Entertainment,2002-01-01,1.31,0.23484848484848486
Bethesda Softworks,2002-01-01,1.31,1.31
Black Label Games,2002-01-01,1.2,1.2
LucasArts,2002-01-01,1.09,0.54
Agetec,2002-01-01,1.08,0.645
Play It,2002-01-01,1.06,0.5750000000000001
Tecmo Koei,2002-01-01,1.0,0.20909090909090908
SCi,2002-01-01,0.87,0.87
Rage Software,2002-01-01,0.86,0.256
Empire Interactive,2002-01-01,0.84,0.16999999999999998
Jester Interactive,2002-01-01,0.71,0.71
Metro 3D,2002-01-01,0.67,0.375
TDK Mediactive,2002-01-01,0.66,0.2175
Banpresto,2002-01-01,0.65,0.255
Enix Corporation,2002-01-01,0.54,0.27
Midas Interactive Entertainment,2002-01-01,0.51,0.28
Ignition Entertainment,2002-01-01,0.48,0.265
Hudson Soft,2002-01-01,0.46,0.1625
Wanadoo,2002-01-01,0.46,0.46
BAM! Entertainment,2002-01-01,0.45,0.16
Interplay,2002-01-01,0.38,0.195
3DO,2002-01-01,0.37,0.15
ChunSoft,2002-01-01,0.36,0.36
Jorudan,2002-01-01,0.36,0.36
Sammy Corporation,2002-01-01,0.35,0.192
505 Games,2002-01-01,0.29,0.29
Hamster Corporation,2002-01-01,0.28,0.28
Liquid Games,2002-01-01,0.26,0.26
NewKidCo,2002-01-01,0.26,0.26
Pacific Century Cyber Works,2002-01-01,0.26,0.26
Disney Interactive Studios,2002-01-01,0.25,0.25
Natsume,2002-01-01,0.25,0.15666666666666668
XS Games,2002-01-01,0.24,0.24
Crave Entertainment,2002-01-01,0.22,0.21000000000000002
Zoo Digital Publishing,2002-01-01,0.21,0.06166666666666667
Virgin Interactive,2002-01-01,0.2,0.135
Media Rings,2002-01-01,0.19,0.19
TDK Core,2002-01-01,0.19,0.19
Titus,2002-01-01,0.15,0.1
LEGO Media,2002-01-01,0.14,0.14
Swing! Entertainment,2002-01-01,0.14,0.14
Enterbrain,2002-01-01,0.13,0.11
NDA Productions,2002-01-01,0.12,0.12
Spike,2002-01-01,0.12,0.12
From Software,2002-01-01,0.11,0.11
Simon & Schuster Interactive,2002-01-01,0.11,0.11
Taito,2002-01-01,0.11,0.07666666666666667
Xicat Interactive,2002-01-01,0.11,0.07
Activision Value,2002-01-01,0.09,0.09
Big Ben Interactive,2002-01-01,0.09,0.09
Nippon Amuse,2002-01-01,0.09,0.09
Marvelous Interactive,2002-01-01,0.08,0.08
Gust,2002-01-01,0.07,0.07
SquareSoft,2002-01-01,0.07,0.060000000000000005
DigiCube,2002-01-01,0.06,0.06
Unknown,2002-01-01,0.06,0.03333333333333333
Atlus,2002-01-01,0.05,0.03
Avalon Interactive,2002-01-01,0.05,0.05
Idea Factory,2002-01-01,0.05,0.05
Jaleco,2002-01-01,0.05,0.030000000000000002
Majesco Entertainment,2002-01-01,0.05,0.05
Phantagram,2002-01-01,0.05,0.05
Microids,2002-01-01,0.04,0.02666666666666667
Playmore,2002-01-01,0.04,0.04
Conspiracy Entertainment,2002-01-01,0.03,0.03
ESP,2002-01-01,0.03,0.03
Kemco,2002-01-01,0.03,0.015
LSP Games,2002-01-01,0.03,0.03
Success,2002-01-01,0.03,0.03
Arika,2002-01-01,0.02,0.02
Datam Polystar,2002-01-01,0.02,0.02
"Destination Software, Inc",2002-01-01,0.02,0.02
JoWood Productions,2002-01-01,0.02,0.02
King Records,2002-01-01,0.02,0.02
Princess Soft,2002-01-01,0.02,0.02
Takara,2002-01-01,0.02,0.02
Victor Interactive,2002-01-01,0.02,0.02
Media Entertainment,2002-01-01,0.01,0.01
Rebellion,2002-01-01,0.01,0.01
Sony Computer Entertainment,2001-01-01,14.98,1.1392105263157895
Take-Two Interactive,2001-01-01,13.1,1.7025
Nintendo,2001-01-01,7.07,2.062272727272727
Microsoft Game Studios,2001-01-01,6.43,1.349
Konami Digital Entertainment,2001-01-01,6.05,0.5612820512820513
Universal Interactive,2001-01-01,5.42,2.96
Activision,2001-01-01,4.41,0.8082608695652174
Namco Bandai Games,2001-01-01,4.24,0.6566666666666666
Electronic Arts,2001-01-01,3.73,1.0493023255813954
Sony Computer Entertainment Europe,2001-01-01,3.17,3.17
Capcom,2001-01-01,2.99,0.795
Atari,2001-01-01,2.94,0.8944444444444444
THQ,2001-01-01,2.79,0.6180555555555556
Virgin Interactive,2001-01-01,2.7,0.7616666666666667
Sega,2001-01-01,2.56,0.7333333333333334
Acclaim Entertainment,2001-01-01,2.52,0.40375
Vivendi Games,2001-01-01,2.23,0.985
LucasArts,2001-01-01,1.9,0.645
Unknown,2001-01-01,1.84,0.75
Midway Games,2001-01-01,1.67,0.4709090909090909
Enix Corporation,2001-01-01,1.56,0.9700000000000001
Titus,2001-01-01,0.92,0.2475
TalonSoft,2001-01-01,0.87,0.87
Empire Interactive,2001-01-01,0.86,0.5
Codemasters,2001-01-01,0.73,0.3975
Majesco Entertainment,2001-01-01,0.7,0.3633333333333333
Banpresto,2001-01-01,0.62,0.3625
Infogrames,2001-01-01,0.6,0.21200000000000002
Ubisoft,2001-01-01,0.6,0.1996
D3Publisher,2001-01-01,0.55,0.31000000000000005
Eidos Interactive,2001-01-01,0.55,0.221
Square,2001-01-01,0.52,0.52
Hudson Soft,2001-01-01,0.49,0.49
Rebellion,2001-01-01,0.48,0.48
3DO,2001-01-01,0.44,0.1318181818181818
BAM! Entertainment,2001-01-01,0.41,0.17285714285714285
Metro 3D,2001-01-01,0.41,0.19999999999999998
Enterbrain,2001-01-01,0.39,0.215
TDK Mediactive,2001-01-01,0.36,0.15
Tecmo Koei,2001-01-01,0.36,0.1775
ASCII Entertainment,2001-01-01,0.32,0.32
Gathering of Developers,2001-01-01,0.32,0.22333333333333336
Magix,2001-01-01,0.31,0.31
Midas Interactive Entertainment,2001-01-01,0.3,0.14
Interplay,2001-01-01,0.29,0.21
Conspiracy Entertainment,2001-01-01,0.27,0.14500000000000002
SquareSoft,2001-01-01,0.25,0.25
Sammy Corporation,2001-01-01,0.22,0.16999999999999998
Takara,2001-01-01,0.22,0.14
Activision Value,2001-01-01,0.21,0.21
LEGO Media,2001-01-01,0.18,0.12
Hasbro Interactive,2001-01-01,0.17,0.17
Media Factory,2001-01-01,0.15,0.15
Sony Music Entertainment,2001-01-01,0.14,0.14
Wanadoo,2001-01-01,0.14,0.14
"Destination Software, Inc",2001-01-01,0.13,0.13
Spike,2001-01-01,0.13,0.13
Imagineer,2001-01-01,0.12,0.12
Kemco,2001-01-01,0.1,0.1
Rage Software,2001-01-01,0.1,0.07
Atlus,2001-01-01,0.09,0.09
From Software,2001-01-01,0.09,0.09
Gust,2001-01-01,0.09,0.09
Natsume,2001-01-01,0.09,0.09
Success,2001-01-01,0.09,0.09
Hudson Entertainment,2001-01-01,0.08,0.04
Swing! Entertainment,2001-01-01,0.08,0.055
Victor Interactive,2001-01-01,0.08,0.05
Altron,2001-01-01,0.07,0.07
Athena,2001-01-01,0.07,0.07
Genki,2001-01-01,0.06,0.06
Taito,2001-01-01,0.06,0.06
DreamCatcher Interactive,2001-01-01,0.05,0.05
Max Five,2001-01-01,0.05,0.05
Pioneer LDC,2001-01-01,0.05,0.05
Starfish,2001-01-01,0.05,0.05
Red Storm Entertainment,2001-01-01,0.04,0.04
ArtDink,2001-01-01,0.03,0.025
Berkeley,2001-01-01,0.03,0.03
Encore,2001-01-01,0.03,0.03
Strategy First,2001-01-01,0.03,0.03
Blue Byte,2001-01-01,0.02,0.015
NewKidCo,2001-01-01,0.01,0.01
Nintendo,2000-01-01,6.39,1.4804347826086954
SquareSoft,2000-01-01,5.3,1.6375
Atari,2000-01-01,4.73,2.4050000000000002
Activision,2000-01-01,4.68,1.113846153846154
Enix Corporation,2000-01-01,4.47,1.7866666666666664
Namco Bandai Games,2000-01-01,4.05,0.6928571428571428
Sony Computer Entertainment,2000-01-01,3.71,0.6778125
THQ,2000-01-01,3.58,1.0573333333333332
Electronic Arts,2000-01-01,2.99,0.8106451612903226
Take-Two Interactive,2000-01-01,2.63,1.0050000000000001
Konami Digital Entertainment,2000-01-01,2.18,0.27322580645161293
Sega,2000-01-01,1.81,0.3527272727272728
Crave Entertainment,2000-01-01,1.5,0.8133333333333334
Virgin Interactive,2000-01-01,1.21,0.425
Eidos Interactive,2000-01-01,1.14,0.5066666666666666
Acclaim Entertainment,2000-01-01,1.05,0.37266666666666665
Tecmo Koei,2000-01-01,1.0,0.187
Microsoft Game Studios,2000-01-01,0.99,0.99
Codemasters,2000-01-01,0.91,0.51
Midway Games,2000-01-01,0.81,0.35000000000000003
Banpresto,2000-01-01,0.8,0.8
Ubisoft,2000-01-01,0.79,0.2261904761904762
Interplay,2000-01-01,0.77,0.3333333333333333
Capcom,2000-01-01,0.75,0.404
3DO,2000-01-01,0.58,0.308
Infogrames,2000-01-01,0.58,0.1509090909090909
Aruze Corp,2000-01-01,0.53,0.32
Empire Interactive,2000-01-01,0.47,0.285
Hasbro Interactive,2000-01-01,0.41,0.3325
ChunSoft,2000-01-01,0.37,0.37
Atlus,2000-01-01,0.35,0.35
Midas Interactive Entertainment,2000-01-01,0.29,0.15571428571428572
Imagineer,2000-01-01,0.27,0.27
Natsume,2000-01-01,0.27,0.27
LucasArts,2000-01-01,0.26,0.26
Sunsoft,2000-01-01,0.25,0.25
TDK Core,2000-01-01,0.18,0.18
Victor Interactive,2000-01-01,0.18,0.18
Mattel Interactive,2000-01-01,0.17,0.115
Fox Interactive,2000-01-01,0.16,0.16
Hudson Soft,2000-01-01,0.16,0.16
Vatical Entertainment,2000-01-01,0.16,0.11
Epoch,2000-01-01,0.15,0.15
Media Factory,2000-01-01,0.14,0.14
Havas Interactive,2000-01-01,0.13,0.13
Psygnosis,2000-01-01,0.12,0.12
BAM! Entertainment,2000-01-01,0.11,0.11
SNK,2000-01-01,0.11,0.09
Swing! Entertainment,2000-01-01,0.11,0.09
Video System,2000-01-01,0.11,0.11
Vivendi Games,2000-01-01,0.1,0.1
Asmik Ace Entertainment,2000-01-01,0.09,0.09
NEC Interchannel,2000-01-01,0.08,0.07
D3Publisher,2000-01-01,0.07,0.07
Sunrise Interactive,2000-01-01,0.07,0.065
JVC,2000-01-01,0.06,0.06
Pony Canyon,2000-01-01,0.05,0.05
The Learning Company,2000-01-01,0.05,0.05
Titus,2000-01-01,0.05,0.04
Mindscape,2000-01-01,0.02,0.02
Success,2000-01-01,0.01,0.01
Nintendo,1999-01-01,23.1,3.2664999999999997
Sony Computer Entertainment,1999-01-01,9.49,1.4496
SquareSoft,1999-01-01,7.86,1.69
GT Interactive,1999-01-01,6.27,1.765
Activision,1999-01-01,5.02,0.9462499999999999
Eidos Interactive,1999-01-01,5.01,1.455
Electronic Arts,1999-01-01,3.21,0.7749999999999999
Disney Interactive Studios,1999-01-01,1.94,1.94
Konami Digital Entertainment,1999-01-01,1.88,0.476875
989 Studios,1999-01-01,1.8,0.8766666666666666
LucasArts,1999-01-01,1.74,1.475
Red Storm Entertainment,1999-01-01,1.64,1.14
Westwood Studios,1999-01-01,1.55,1.55
THQ,1999-01-01,1.48,0.50125
Namco Bandai Games,1999-01-01,1.45,0.35285714285714287
Hasbro Interactive,1999-01-01,1.43,0.5833333333333334
3DO,1999-01-01,1.28,0.6900000000000001
Sega,1999-01-01,1.2,0.48444444444444446
Ubisoft,1999-01-01,1.19,0.35461538461538467
ASCII Entertainment,1999-01-01,1.13,0.6133333333333333
Microprose,1999-01-01,1.06,1.06
Atari,1999-01-01,0.84,0.3833333333333333
Enix Corporation,1999-01-01,0.81,0.6225
Square EA,1999-01-01,0.8,0.8
Capcom,1999-01-01,0.78,0.44
Fox Interactive,1999-01-01,0.73,0.61
Acclaim Entertainment,1999-01-01,0.71,0.31916666666666665
LEGO Media,1999-01-01,0.71,0.295
Take-Two Interactive,1999-01-01,0.66,0.42
Midway Games,1999-01-01,0.59,0.365
Virgin Interactive,1999-01-01,0.56,0.21333333333333335
Aruze Corp,1999-01-01,0.54,0.54
Imagineer,1999-01-01,0.54,0.21
Infogrames,1999-01-01,0.52,0.19333333333333336
Pack In Soft,1999-01-01,0.48,0.48
Codemasters,1999-01-01,0.47,0.305
Hudson Entertainment,1999-01-01,0.47,0.47
Square,1999-01-01,0.45,0.305
Taito,1999-01-01,0.41,0.265
Titus,1999-01-01,0.41,0.245
Vivendi Games,1999-01-01,0.4,0.4
989 Sports,1999-01-01,0.38,0.38
Kadokawa Shoten,1999-01-01,0.35,0.35
Psygnosis,1999-01-01,0.34,0.20333333333333334
Banpresto,1999-01-01,0.31,0.24666666666666667
Jorudan,1999-01-01,0.3,0.3
From Software,1999-01-01,0.26,0.26
Mattel Interactive,1999-01-01,0.22,0.18
Crave Entertainment,1999-01-01,0.21,0.145
Tecmo Koei,1999-01-01,0.2,0.126
Accolade,1999-01-01,0.19,0.19
Human Entertainment,1999-01-01,0.19,0.155
NewKidCo,1999-01-01,0.19,0.185
ChunSoft,1999-01-01,0.17,0.17
Genki,1999-01-01,0.17,0.17
Hudson Soft,1999-01-01,0.17,0.17
Atlus,1999-01-01,0.15,0.13
Aqua Plus,1999-01-01,0.14,0.14
Sunsoft,1999-01-01,0.14,0.14
Interplay,1999-01-01,0.12,0.06999999999999999
Kemco,1999-01-01,0.11,0.0675
PopTop Software,1999-01-01,0.11,0.11
SouthPeak Games,1999-01-01,0.11,0.11
Starfish,1999-01-01,0.11,0.11
Syscom,1999-01-01,0.11,0.11
Avalon Interactive,1999-01-01,0.1,0.1
Microsoft Game Studios,1999-01-01,0.1,0.1
SNK,1999-01-01,0.1,0.055
SNK Playmore,1999-01-01,0.08,0.065
ASC Games,1999-01-01,0.05,0.05
Takara,1999-01-01,0.05,0.05
Midas Interactive Entertainment,1999-01-01,0.04,0.04
Mindscape,1999-01-01,0.04,0.04
Athena,1999-01-01,0.02,0.02
Empire Interactive,1999-01-01,0.02,0.02
JVC,1999-01-01,0.02,0.02
Success,1999-01-01,0.02,0.02
Telegames,1999-01-01,0.02,0.02
EON Digital Entertainment,1999-01-01,0.01,0.01
Jaleco,1999-01-01,0.01,0.01
Nintendo,1998-01-01,14.64,2.8476470588235294
Sony Computer Entertainment,1998-01-01,7.16,1.1546666666666667
Konami Digital Entertainment,1998-01-01,6.03,0.64125
Virgin Interactive,1998-01-01,5.82,0.867
Take-Two Interactive,1998-01-01,3.42,0.9083333333333333
Acclaim Entertainment,1998-01-01,3.36,0.596086956521739
THQ,1998-01-01,3.34,1.1972727272727273
Electronic Arts,1998-01-01,3.12,0.9983333333333333
Codemasters,1998-01-01,2.87,1.395
Eidos Interactive,1998-01-01,2.48,0.768
Sega,1998-01-01,2.42,0.32785714285714285
Capcom,1998-01-01,2.41,0.5342857142857144
989 Studios,1998-01-01,2.31,1.2566666666666666
SquareSoft,1998-01-01,2.1,0.83625
Namco Bandai Games,1998-01-01,2.06,0.6511111111111112
Activision,1998-01-01,1.71,0.5385714285714286
Video System,1998-01-01,1.6,1.6
Midway Games,1998-01-01,1.5,0.93
GT Interactive,1998-01-01,1.46,0.34
Hasbro Interactive,1998-01-01,1.26,1.06
Success,1998-01-01,1.15,1.15
D3Publisher,1998-01-01,1.06,1.06
Unknown,1998-01-01,0.83,0.83
Atari,1998-01-01,0.81,0.73
ASC Games,1998-01-01,0.66,0.66
BMG Interactive Entertainment,1998-01-01,0.58,0.58
Banpresto,1998-01-01,0.55,0.23333333333333336
Kadokawa Shoten,1998-01-01,0.55,0.20750000000000002
Psygnosis,1998-01-01,0.42,0.185
TYO,1998-01-01,0.42,0.42
Magical Company,1998-01-01,0.41,0.41
Human Entertainment,1998-01-01,0.38,0.20666666666666667
ASCII Entertainment,1998-01-01,0.34,0.21000000000000002
3DO,1998-01-01,0.33,0.2
Ocean,1998-01-01,0.32,0.18
Infogrames,1998-01-01,0.31,0.09714285714285716
NewKidCo,1998-01-01,0.31,0.275
Kemco,1998-01-01,0.29,0.245
Crave Entertainment,1998-01-01,0.27,0.185
Takara,1998-01-01,0.26,0.16
Axela,1998-01-01,0.25,0.25
Fox Interactive,1998-01-01,0.25,0.235
Interplay,1998-01-01,0.25,0.13833333333333334
NEC Interchannel,1998-01-01,0.25,0.165
Titus,1998-01-01,0.25,0.155
Tomy Corporation,1998-01-01,0.23,0.23
Gremlin Interactive Ltd,1998-01-01,0.2,0.13
Agetec,1998-01-01,0.17,0.095
SNK,1998-01-01,0.17,0.13333333333333333
Imagineer,1998-01-01,0.16,0.095
Syscom,1998-01-01,0.16,0.16
Ubisoft,1998-01-01,0.16,0.09999999999999999
Victor Interactive,1998-01-01,0.16,0.16
Mindscape,1998-01-01,0.15,0.11
Tecmo Koei,1998-01-01,0.15,0.095
General Entertainment,1998-01-01,0.14,0.14
Sunsoft,1998-01-01,0.14,0.14
DreamWorks Interactive,1998-01-01,0.13,0.13
Telstar,1998-01-01,0.13,0.10500000000000001
Atlus,1998-01-01,0.12,0.105
From Software,1998-01-01,0.12,0.11
Midas Interactive Entertainment,1998-01-01,0.12,0.12
Data East,1998-01-01,0.11,0.11
Gainax Network Systems,1998-01-01,0.11,0.08
GameTek,1998-01-01,0.1,0.1
Jaleco,1998-01-01,0.1,0.07500000000000001
MTO,1998-01-01,0.1,0.1
ArtDink,1998-01-01,0.09,0.09
ChunSoft,1998-01-01,0.09,0.09
Culture Publishers,1998-01-01,0.09,0.09
NCS,1998-01-01,0.09,0.09
JVC,1998-01-01,0.08,0.08
Mitsui,1998-01-01,0.08,0.08
Evolution Games,1998-01-01,0.07,0.07
Locus,1998-01-01,0.07,0.07
Pioneer LDC,1998-01-01,0.07,0.07
ESP,1998-01-01,0.06,0.04666666666666667
Fortyfive,1998-01-01,0.06,0.06
Hudson Entertainment,1998-01-01,0.06,0.06
Media Works,1998-01-01,0.06,0.045
Swing! Entertainment,1998-01-01,0.05,0.05
TechnoSoft,1998-01-01,0.05,0.05
Nippon Ichi Software,1998-01-01,0.04,0.04
SNK Playmore,1998-01-01,0.04,0.04
Vivendi Games,1998-01-01,0.04,0.02666666666666667
Compile,1998-01-01,0.03,0.03
Empire Interactive,1998-01-01,0.03,0.03
Hudson Soft,1998-01-01,0.03,0.03
Irem Software Engineering,1998-01-01,0.03,0.03
KID,1998-01-01,0.03,0.03
Quintet,1998-01-01,0.02,0.02
Saurus,1998-01-01,0.02,0.02
Sony Computer Entertainment,1997-01-01,10.95,1.2911764705882351
Nintendo,1997-01-01,8.09,1.9846153846153847
Eidos Interactive,1997-01-01,5.24,2.71
Hasbro Interactive,1997-01-01,4.16,2.1266666666666665
Vivendi Games,1997-01-01,4.12,2.065
Fox Interactive,1997-01-01,3.56,2.0
SquareSoft,1997-01-01,2.45,0.8350000000000001
Red Orb,1997-01-01,2.43,2.43
Electronic Arts,1997-01-01,2.4,0.9176000000000001
Take-Two Interactive,1997-01-01,2.32,0.9066666666666666
Codemasters,1997-01-01,2.28,1.19
UEP Systems,1997-01-01,2.25,2.25
ASCII Entertainment,1997-01-01,2.09,0.5533333333333333
Activision,1997-01-01,1.99,0.85
Acclaim Entertainment,1997-01-01,1.86,0.449
THQ,1997-01-01,1.69,0.6333333333333333
Namco Bandai Games,1997-01-01,1.68,0.4876923076923077
Accolade,1997-01-01,1.3,1.3
Konami Digital Entertainment,1997-01-01,1.27,0.27058823529411763
GT Interactive,1997-01-01,1.24,0.400625
Ocean,1997-01-01,1.17,0.5499999999999999
Compile,1997-01-01,1.15,0.6466666666666666
Taito,1997-01-01,1.09,1.09
Hudson Soft,1997-01-01,1.04,0.31
Tecmo Koei,1997-01-01,1.01,0.4325
Capcom,1997-01-01,1.0,0.2733333333333333
Infogrames,1997-01-01,0.87,0.87
Hudson Entertainment,1997-01-01,0.79,0.79
Virgin Interactive,1997-01-01,0.75,0.25333333333333335
LucasArts,1997-01-01,0.68,0.68
Square,1997-01-01,0.63,0.63
Banpresto,1997-01-01,0.55,0.43500000000000005
Interplay,1997-01-01,0.51,0.2475
Sega,1997-01-01,0.49,0.19454545454545455
Midway Games,1997-01-01,0.47,0.3525
Titus,1997-01-01,0.47,0.47
989 Studios,1997-01-01,0.43,0.26
ESP,1997-01-01,0.42,0.42
Psygnosis,1997-01-01,0.42,0.1922222222222222
Imagineer,1997-01-01,0.4,0.305
Kemco,1997-01-01,0.4,0.27
Starfish,1997-01-01,0.36,0.36
Takara,1997-01-01,0.33,0.29000000000000004
Human Entertainment,1997-01-01,0.32,0.22
Atlus,1997-01-01,0.31,0.195
Elf,1997-01-01,0.28,0.28
From Software,1997-01-01,0.28,0.28
Playmates,1997-01-01,0.28,0.28
Gust,1997-01-01,0.25,0.25
Ubisoft,1997-01-01,0.25,0.25
Xing Entertainment,1997-01-01,0.24,0.24
Victor Interactive,1997-01-01,0.23,0.23
Kadokawa Shoten,1997-01-01,0.21,0.21
On Demand,1997-01-01,0.21,0.21
Video System,1997-01-01,0.19,0.19
Aques,1997-01-01,0.16,0.16
BMG Interactive Entertainment,1997-01-01,0.15,0.11
Vic Tokai,1997-01-01,0.15,0.15
Gremlin Interactive Ltd,1997-01-01,0.14,0.10666666666666667
Imadio,1997-01-01,0.14,0.14
Mindscape,1997-01-01,0.14,0.14
NEC Interchannel,1997-01-01,0.13,0.10500000000000001
NCS,1997-01-01,0.11,0.11
Sunsoft,1997-01-01,0.11,0.11
Interplay Productions,1997-01-01,0.1,0.1
Natsume,1997-01-01,0.1,0.1
Origin Systems,1997-01-01,0.09,0.09
SNK,1997-01-01,0.08,0.08
Warp,1997-01-01,0.07,0.07
Agetec,1997-01-01,0.03,0.03
JVC,1997-01-01,0.03,0.03
CTO SpA,1997-01-01,0.02,0.02
Midas Interactive Entertainment,1997-01-01,0.02,0.02
Microprose,1997-01-01,0.01,0.01
Nintendo,1996-01-01,31.37,4.335294117647059
Sony Computer Entertainment,1996-01-01,6.82,1.2525
Microsoft Game Studios,1996-01-01,5.12,5.12
Virgin Interactive,1996-01-01,5.05,1.1407692307692308
Eidos Interactive,1996-01-01,4.63,1.4725
GT Interactive,1996-01-01,2.79,0.8157142857142857
JVC,1996-01-01,2.4,0.83
Activision,1996-01-01,1.59,0.65
Fox Interactive,1996-01-01,1.54,1.54
Electronic Arts,1996-01-01,1.52,0.6076923076923078
Namco Bandai Games,1996-01-01,1.45,0.43625
Enix Corporation,1996-01-01,1.36,0.4475
ASC Games,1996-01-01,1.31,1.31
Natsume,1996-01-01,1.25,1.25
Maxis,1996-01-01,1.22,1.22
Psygnosis,1996-01-01,1.17,0.3314285714285714
ASCII Entertainment,1996-01-01,1.05,0.5740000000000001
Acclaim Entertainment,1996-01-01,0.92,0.24846153846153846
CTO SpA,1996-01-01,0.88,0.88
Capcom,1996-01-01,0.88,0.4466666666666667
Interplay,1996-01-01,0.83,0.51
Konami Digital Entertainment,1996-01-01,0.67,0.2425
Sega,1996-01-01,0.62,0.286
SquareSoft,1996-01-01,0.62,0.3025
Banpresto,1996-01-01,0.55,0.53
LucasArts,1996-01-01,0.55,0.55
Microprose,1996-01-01,0.55,0.41000000000000003
Crystal Dynamics,1996-01-01,0.44,0.295
Hudson Soft,1996-01-01,0.44,0.22000000000000003
Empire Interactive,1996-01-01,0.41,0.41
Pioneer LDC,1996-01-01,0.41,0.31
Electronic Arts Victor,1996-01-01,0.38,0.21
Elf,1996-01-01,0.36,0.36
Jaleco,1996-01-01,0.33,0.33
Infogrames,1996-01-01,0.31,0.31
Takara,1996-01-01,0.29,0.29
ChunSoft,1996-01-01,0.27,0.27
Tomy Corporation,1996-01-01,0.27,0.17
From Software,1996-01-01,0.26,0.26
NEC,1996-01-01,0.26,0.14500000000000002
Tecmo Koei,1996-01-01,0.24,0.1625
American Softworks,1996-01-01,0.23,0.23
Kadokawa Shoten,1996-01-01,0.23,0.23
Imagineer,1996-01-01,0.22,0.1125
BMG Interactive Entertainment,1996-01-01,0.21,0.09000000000000001
SNK,1996-01-01,0.21,0.092
Seta Corporation,1996-01-01,0.21,0.15
ArtDink,1996-01-01,0.2,0.11
Atlus,1996-01-01,0.2,0.125
NCS,1996-01-01,0.2,0.2
Accolade,1996-01-01,0.19,0.19
Epoch,1996-01-01,0.19,0.19
Mindscape,1996-01-01,0.19,0.125
Nippon Telenet,1996-01-01,0.19,0.13
SSI,1996-01-01,0.19,0.19
Adeline Software,1996-01-01,0.17,0.17
Gremlin Interactive Ltd,1996-01-01,0.17,0.13
Ubisoft,1996-01-01,0.16,0.16
FunSoft,1996-01-01,0.12,0.12
Human Entertainment,1996-01-01,0.12,0.12
SPS,1996-01-01,0.12,0.12
Vic Tokai,1996-01-01,0.12,0.12
Asmik Ace Entertainment,1996-01-01,0.1,0.1
Micro Cabin,1996-01-01,0.1,0.1
U.S. Gold,1996-01-01,0.1,0.07500000000000001
Hearty Robin,1996-01-01,0.09,0.09
Ocean,1996-01-01,0.09,0.065
Time Warner Interactive,1996-01-01,0.09,0.05333333333333334
Elite,1996-01-01,0.07,0.07
Midway Games,1996-01-01,0.07,0.065
Sunsoft,1996-01-01,0.07,0.07
NEC Interchannel,1996-01-01,0.06,0.06
Media Works,1996-01-01,0.04,0.04
Societa,1996-01-01,0.04,0.04
ASK,1996-01-01,0.03,0.03
KSS,1996-01-01,0.03,0.03
Coconuts Japan,1996-01-01,0.02,0.02
Compile,1996-01-01,0.02,0.02
Gaga,1996-01-01,0.02,0.02
Sonnet,1996-01-01,0.02,0.02
Gust,1996-01-01,0.01,0.01
Nintendo,1995-01-01,5.15,1.672
Activision,1995-01-01,4.21,4.21
Sony Computer Entertainment,1995-01-01,3.84,0.5951612903225806
Enix Corporation,1995-01-01,3.19,1.66
Ubisoft,1995-01-01,3.03,3.03
SquareSoft,1995-01-01,2.31,1.275
Sega,1995-01-01,1.93,0.2937037037037037
Electronic Arts,1995-01-01,1.27,0.30272727272727273
ASCII Entertainment,1995-01-01,1.15,0.625
Acclaim Entertainment,1995-01-01,1.01,0.22363636363636363
Psygnosis,1995-01-01,0.9,0.2414285714285714
Crystal Dynamics,1995-01-01,0.87,0.37333333333333335
Virgin Interactive,1995-01-01,0.76,0.39
Quest,1995-01-01,0.71,0.71
Konami Digital Entertainment,1995-01-01,0.6,0.2325
Jaleco,1995-01-01,0.5,0.3
THQ,1995-01-01,0.49,0.315
Compile,1995-01-01,0.47,0.47
Hudson Soft,1995-01-01,0.47,0.205
Atlus,1995-01-01,0.45,0.22200000000000003
Epoch,1995-01-01,0.45,0.255
Namco Bandai Games,1995-01-01,0.45,0.2290909090909091
ChunSoft,1995-01-01,0.4,0.4
Banpresto,1995-01-01,0.38,0.152
New,1995-01-01,0.36,0.36
Laguna,1995-01-01,0.35,0.315
Tomy Corporation,1995-01-01,0.33,0.33
Tecmo Koei,1995-01-01,0.3,0.18000000000000002
Human Entertainment,1995-01-01,0.28,0.195
Nichibutsu,1995-01-01,0.28,0.28
SNK Playmore,1995-01-01,0.28,0.28
GT Interactive,1995-01-01,0.27,0.27
Mindscape,1995-01-01,0.24,0.24
Ocean,1995-01-01,0.23,0.14500000000000002
SNK,1995-01-01,0.2,0.14
Seta Corporation,1995-01-01,0.19,0.0825
Panther Software,1995-01-01,0.17,0.17
NEC,1995-01-01,0.14,0.14
Interplay,1995-01-01,0.13,0.09999999999999999
U.S. Gold,1995-01-01,0.13,0.09
Asmik Corp,1995-01-01,0.1,0.1
Core Design Ltd.,1995-01-01,0.1,0.1
Media Rings,1995-01-01,0.1,0.1
Microprose,1995-01-01,0.09,0.09
Glams,1995-01-01,0.08,0.08
Micro Cabin,1995-01-01,0.08,0.08
Time Warner Interactive,1995-01-01,0.08,0.08
Victor Interactive,1995-01-01,0.07,0.045000000000000005
Pack-In-Video,1995-01-01,0.06,0.055
Shogakukan,1995-01-01,0.06,0.055
Telstar,1995-01-01,0.06,0.06
Yumedia,1995-01-01,0.06,0.06
MediaQuest,1995-01-01,0.05,0.05
Pow,1995-01-01,0.05,0.05
Takara,1995-01-01,0.05,0.05
Data East,1995-01-01,0.04,0.04
Hect,1995-01-01,0.04,0.04
Riverhillsoft,1995-01-01,0.04,0.04
Sonnet,1995-01-01,0.04,0.04
Angel Studios,1995-01-01,0.03,0.03
Fuji,1995-01-01,0.03,0.03
Kokopeli Digital Studios,1995-01-01,0.03,0.03
Sunsoft,1995-01-01,0.03,0.03
Taito,1995-01-01,0.03,0.03
Imageworks,1995-01-01,0.02,0.02
Technos Japan Corporation,1995-01-01,0.02,0.02
Vivendi Games,1995-01-01,0.02,0.02
Nintendo,1994-01-01,9.3,3.1237500000000002
Virgin Interactive,1994-01-01,3.61,2.27
SquareSoft,1994-01-01,3.42,1.8699999999999999
Red Orb,1994-01-01,2.81,2.81
Hasbro Interactive,1994-01-01,2.39,2.39
Activision,1994-01-01,2.08,2.08
LucasArts,1994-01-01,1.95,1.95
Sega,1994-01-01,1.82,0.2896153846153846
Acclaim Entertainment,1994-01-01,1.53,0.8200000000000001
Sony Computer Entertainment,1994-01-01,1.27,0.49000000000000005
Hudson Soft,1994-01-01,0.91,0.61
ASCII Entertainment,1994-01-01,0.87,0.87
ChunSoft,1994-01-01,0.81,0.81
Infogrames,1994-01-01,0.78,0.78
Electronic Arts,1994-01-01,0.57,0.32499999999999996
Takara,1994-01-01,0.56,0.48000000000000004
Namco Bandai Games,1994-01-01,0.53,0.2866666666666667
Tecmo Koei,1994-01-01,0.53,0.53
Taito,1994-01-01,0.46,0.46
Enix Corporation,1994-01-01,0.43,0.36
Konami Digital Entertainment,1994-01-01,0.41,0.24428571428571427
Atlus,1994-01-01,0.37,0.225
Banpresto,1994-01-01,0.37,0.124
Human Entertainment,1994-01-01,0.37,0.365
Laguna,1994-01-01,0.36,0.36
Media Rings,1994-01-01,0.36,0.36
Hect,1994-01-01,0.27,0.27
ArtDink,1994-01-01,0.25,0.25
SNK,1994-01-01,0.25,0.2
BPS,1994-01-01,0.2,0.2
Core Design Ltd.,1994-01-01,0.19,0.19
Capcom,1994-01-01,0.16,0.16
Game Arts,1994-01-01,0.14,0.14
Angel Studios,1994-01-01,0.12,0.12
JVC,1994-01-01,0.12,0.12
Square,1994-01-01,0.11,0.11
Time Warner Interactive,1994-01-01,0.11,0.11
From Software,1994-01-01,0.08,0.08
Asmik Corp,1994-01-01,0.07,0.07
Psygnosis,1994-01-01,0.06,0.06
Sunsoft,1994-01-01,0.06,0.04
Vap,1994-01-01,0.05,0.05
Culture Brain,1994-01-01,0.03,0.03
Micro Cabin,1994-01-01,0.02,0.02
Misawa,1994-01-01,0.02,0.02
Nintendo,1993-01-01,10.55,2.2266666666666666
Acclaim Entertainment,1993-01-01,1.93,1.93
SquareSoft,1993-01-01,1.83,1.5
Capcom,1993-01-01,1.75,0.6928571428571428
Banpresto,1993-01-01,1.7,1.7
Sega,1993-01-01,1.5,0.32166666666666666
Namco Bandai Games,1993-01-01,1.45,0.6725
Enix Corporation,1993-01-01,1.15,1.15
ChunSoft,1993-01-01,0.78,0.78
Tecmo Koei,1993-01-01,0.62,0.575
Laguna,1993-01-01,0.56,0.56
Hudson Soft,1993-01-01,0.53,0.34
Takara,1993-01-01,0.45,0.45
Ocean,1993-01-01,0.36,0.36
Konami Digital Entertainment,1993-01-01,0.31,0.15333333333333332
Hect,1993-01-01,0.19,0.19
Sammy Corporation,1993-01-01,0.19,0.19
SNK,1993-01-01,0.14,0.10500000000000001
T&E Soft,1993-01-01,0.12,0.12
TOHO,1993-01-01,0.11,0.11
Victor Interactive,1993-01-01,0.11,0.11
Titus,1993-01-01,0.07,0.07
Imax,1993-01-01,0.06,0.06
Coconuts Japan,1993-01-01,0.05,0.05
Epoch,1993-01-01,0.05,0.05
Misawa,1993-01-01,0.05,0.05
Interplay,1993-01-01,0.01,0.01
Nintendo,1992-01-01,11.18,3.811
Capcom,1992-01-01,6.3,3.0999999999999996
Sega,1992-01-01,6.03,1.596
Enix Corporation,1992-01-01,2.79,2.79
Arena Entertainment,1992-01-01,2.67,2.36
SquareSoft,1992-01-01,2.45,1.71
Maxis,1992-01-01,2.14,2.14
Virgin Interactive,1992-01-01,0.78,0.78
Namco Bandai Games,1992-01-01,0.58,0.52
Hudson Soft,1992-01-01,0.57,0.39499999999999996
Takara,1992-01-01,0.39,0.39
Tecmo Koei,1992-01-01,0.29,0.29
Ocean,1992-01-01,0.28,0.28
Video System,1992-01-01,0.28,0.28
Banpresto,1992-01-01,0.16,0.16
ChunSoft,1992-01-01,0.16,0.16
Konami Digital Entertainment,1992-01-01,0.13,0.08666666666666667
Epoch,1992-01-01,0.07,0.07
Electronic Arts,1992-01-01,0.06,0.06
id Software,1992-01-01,0.03,0.03
New World Computing,1992-01-01,0.01,0.01
Nintendo,1991-01-01,4.61,1.2284615384615385
Sega,1991-01-01,4.34,4.34
Square,1991-01-01,1.77,1.77
Konami Digital Entertainment,1991-01-01,1.39,0.64
Capcom,1991-01-01,1.18,0.7433333333333333
SquareSoft,1991-01-01,0.76,0.5700000000000001
Hudson Soft,1991-01-01,0.44,0.44
Namco Bandai Games,1991-01-01,0.42,0.3433333333333333
Human Entertainment,1991-01-01,0.39,0.39
Banpresto,1991-01-01,0.33,0.255
BPS,1991-01-01,0.32,0.32
Angel Studios,1991-01-01,0.29,0.29
Tecmo Koei,1991-01-01,0.28,0.265
Culture Brain,1991-01-01,0.2,0.2
Imagineer,1991-01-01,0.16,0.12666666666666668
Epoch,1991-01-01,0.08,0.08
Kemco,1991-01-01,0.05,0.05
Nintendo,1990-01-01,20.61,5.07
Enix Corporation,1990-01-01,3.12,3.12
Sega,1990-01-01,2.6,2.6
Konami Digital Entertainment,1990-01-01,2.23,2.23
Capcom,1990-01-01,1.56,1.3066666666666666
SquareSoft,1990-01-01,1.4,1.4
Namco Bandai Games,1990-01-01,0.33,0.315
Nintendo,1989-01-01,30.26,7.097777777777778
Palcom,1989-01-01,4.17,4.17
Capcom,1989-01-01,1.67,1.67
Namco Bandai Games,1989-01-01,1.1,1.1
SquareSoft,1989-01-01,1.1,1.1
Konami Digital Entertainment,1989-01-01,0.85,0.85
Activision,1989-01-01,0.47,0.47
Atari,1989-01-01,0.15,0.15
HAL Laboratory,1989-01-01,0.06,0.06
Nintendo,1988-01-01,17.28,6.073333333333333
Enix Corporation,1988-01-01,3.87,3.87
Capcom,1988-01-01,1.51,1.47
Namco Bandai Games,1988-01-01,1.25,1.2149999999999999
SquareSoft,1988-01-01,0.76,0.76
Activision,1988-01-01,0.51,0.375
Maxis,1988-01-01,0.03,0.03
Nintendo,1987-01-01,4.38,2.9875
Enix Corporation,1987-01-01,2.56,2.56
Namco Bandai Games,1987-01-01,1.42,1.335
Konami Digital Entertainment,1987-01-01,0.93,0.93
SquareSoft,1987-01-01,0.84,0.84
Capcom,1987-01-01,0.81,0.81
Activision,1987-01-01,0.65,0.56
Atari,1987-01-01,0.45,0.215
Nintendo,1986-01-01,6.51,2.6966666666666668
Namco Bandai Games,1986-01-01,3.08,2.64
Capcom,1986-01-01,2.52,1.7666666666666666
Hudson Soft,1986-01-01,1.5,1.165
Konami Digital Entertainment,1986-01-01,1.36,1.2475
Atari,1986-01-01,0.37,0.32999999999999996
Nintendo,1985-01-01,40.24,7.135714285714286
Namco Bandai Games,1985-01-01,1.05,0.73
Hudson Soft,1985-01-01,1.03,1.03
Capcom,1985-01-01,1.0,1.0
Activision,1985-01-01,0.45,0.24
Mycom,1985-01-01,0.02,0.02
Nintendo,1984-01-01,28.31,5.062222222222221
Namco Bandai Games,1984-01-01,1.52,1.1433333333333333
Hudson Soft,1984-01-01,1.1,1.1
Activision,1984-01-01,0.27,0.27
Nintendo,1983-01-01,3.2,1.8266666666666669
Activision,1983-01-01,1.31,0.6466666666666666
Atari,1983-01-01,0.78,0.5650000000000001
Parker Bros.,1983-01-01,0.33,0.25
Atari,1982-01-01,7.81,1.387857142857143
Quelle,1982-01-01,0.87,0.87
Activision,1982-01-01,0.66,0.465
Universal Gamex,1982-01-01,0.63,0.63
Wizard Video Games,1982-01-01,0.62,0.62
Parker Bros.,1982-01-01,0.58,0.56
CPG Products,1982-01-01,0.54,0.54
Answer Software,1982-01-01,0.5,0.5
Sega,1982-01-01,0.4,0.4
Mattel Interactive,1982-01-01,0.39,0.39
20th Century Fox Video Games,1982-01-01,0.34,0.29500000000000004
ITT Family Games,1982-01-01,0.34,0.34
Data Age,1982-01-01,0.32,0.32
CBS Electronics,1982-01-01,0.31,0.31
Tigervision,1982-01-01,0.28,0.28
Coleco,1982-01-01,0.27,0.27
Bomb,1982-01-01,0.22,0.22
Avalon Interactive,1982-01-01,0.17,0.17
Activision,1981-01-01,4.5,1.4166666666666667
Parker Bros.,1981-01-01,2.2,1.1166666666666667
Imagic,1981-01-01,2.13,1.205
Atari,1981-01-01,1.97,0.7681818181818181
Coleco,1981-01-01,1.46,0.6975
Mystique,1981-01-01,0.82,0.82
20th Century Fox Video Games,1981-01-01,0.79,0.45
Men-A-Vision,1981-01-01,0.77,0.77
Tigervision,1981-01-01,0.69,0.57
Mattel Interactive,1981-01-01,0.67,0.3614285714285714
Data Age,1981-01-01,0.39,0.39
Starpath Corp.,1981-01-01,0.33,0.33
Unknown,1981-01-01,0.29,0.29
Taito,1981-01-01,0.24,0.24
Atari,1980-01-01,4.31,2.09
Activision,1980-01-01,1.15,0.604
Electronic Arts,1900-01-01,5.23,1.4108333333333334
Warner Bros. Interactive Entertainment,1900-01-01,3.17,0.77
Unknown,1900-01-01,3.0,0.22008000000000003
Atari,1900-01-01,2.53,0.653125
Konami Digital Entertainment,1900-01-01,2.39,0.5644444444444444
LucasArts,1900-01-01,2.39,2.39
Activision,1900-01-01,2.26,0.6722222222222222
MTV Games,1900-01-01,2.11,2.11
Eidos Interactive,1900-01-01,1.19,1.115
Nintendo,1900-01-01,1.03,0.30428571428571427
Sega,1900-01-01,0.97,0.3271428571428571
Ubisoft,1900-01-01,0.82,0.3933333333333333
Disney Interactive Studios,1900-01-01,0.67,0.30000000000000004
Capcom,1900-01-01,0.63,0.188
Bethesda Softworks,1900-01-01,0.5,0.305
Ultravision,1900-01-01,0.47,0.47
Vivendi Games,1900-01-01,0.45,0.4266666666666667
Kalypso Media,1900-01-01,0.36,0.16666666666666666
Square Enix,1900-01-01,0.36,0.22499999999999998
Nippon Ichi Software,1900-01-01,0.3,0.3
Midway Games,1900-01-01,0.28,0.28
Home Entertainment Suppliers,1900-01-01,0.26,0.26
Take-Two Interactive,1900-01-01,0.24,0.24
THQ,1900-01-01,0.23,0.11
Sony Computer Entertainment,1900-01-01,0.22,0.22
Black Bean Games,1900-01-01,0.21,0.105
Sears,1900-01-01,0.21,0.21
Namco Bandai Games,1900-01-01,0.2,0.11
Majesco Entertainment,1900-01-01,0.19,0.135
Universal Interactive,1900-01-01,0.17,0.17
Infogrames,1900-01-01,0.16,0.16
Empire Interactive,1900-01-01,0.15,0.15
Ghostlight,1900-01-01,0.12,0.12
Ignition Entertainment,1900-01-01,0.09,0.08
Deep Silver,1900-01-01,0.08,0.08
D3Publisher,1900-01-01,0.07,0.07
Avanquest,1900-01-01,0.06,0.06
Codemasters,1900-01-01,0.06,0.05
Focus Home Interactive,1900-01-01,0.05,0.035
Slitherine Software,1900-01-01,0.05,0.05
TopWare Interactive,1900-01-01,0.05,0.04
Funsta,1900-01-01,0.04,0.04
Microprose,1900-01-01,0.04,0.04
Rising Star Games,1900-01-01,0.04,0.04
City Interactive,1900-01-01,0.03,0.03
DTP Entertainment,1900-01-01,0.02,0.02
System 3 Arcade Software,1900-01-01,0.02,0.02
Idea Factory,1900-01-01,0.01,0.01
Oxygen Interactive,1900-01-01,0.01,0.01
